0,0.0012,0.0028,0.0018,,1.5
1,0.0031,0.005,0.00465,,
2,0.0031,0.0068,0.00465,,
3,0.0037,0.0066,0.00555,,
4,0.0031,0.0106,0.00465,,
5,0.0012,0.0109,0.0018,,
6,0.0067,0.0117,0.01005,,
7,0.0061,0.0148,0.00915,,
8,0.0061,0.0172,0.00915,,
9,0.0061,0.0192,0.00915,,
10,0.0092,0.0206,0.0138,,
11,0.011,0.0232,0.0165,,
12,0.0092,0.0245,0.0138,,
13,0.011,0.0274,0.0165,,
14,0.0116,0.0296,0.0174,,
15,0.0116,0.0322,0.0174,,
16,0.0159,0.0337,0.02385,,
17,0.0134,0.0358,0.0201,,
18,0.0159,0.0391,0.02385,,
19,0.0165,0.0403,0.02475,,
20,0.0159,0.0449,0.02385,,
21,0.0195,0.046,0.02925,,
22,0.0177,0.0479,0.02655,,
23,0.0195,0.0515,0.02925,,
24,0.0214,0.052,0.0321,,
25,0.022,0.0563,0.033,,
26,0.0238,0.0583,0.0357,,
27,0.0256,0.0614,0.0384,,
28,0.0256,0.0635,0.0384,,
29,0.0256,0.0651,0.0384,,
30,0.0256,0.0694,0.0384,,
31,0.0281,0.0708,0.04215,,
32,0.0299,0.0759,0.04485,,
33,0.0317,0.0747,0.04755,,
34,0.0305,0.0812,0.04575,,
35,0.0323,0.0792,0.04845,,
36,0.0342,0.0857,0.0513,,
37,0.036,0.0897,0.054,,
38,0.0342,0.0867,0.0513,,
39,0.0385,0.096,0.05775,,
40,0.0385,0.0935,0.05775,,
41,0.0385,0.1011,0.05775,,
42,0.0403,0.0997,0.06045,,
43,0.0415,0.1044,0.06225,,
44,0.0415,0.11,0.06225,,
45,0.0427,0.1073,0.06405,,
46,0.0458,0.116,0.0687,,
47,0.0452,0.1134,0.0678,,
48,0.0464,0.1188,0.0696,,
49,0.0452,0.123,0.0678,,
50,0.0488,0.1242,0.0732,,
51,0.0494,0.1284,0.0741,,
52,0.0525,0.1293,0.07875,,
53,0.0555,0.1339,0.08325,,
54,0.0531,0.1371,0.07965,,
55,0.0549,0.1383,0.08235,,
56,0.0549,0.1439,0.08235,,
57,0.0574,0.1447,0.0861,,
58,0.058,0.149,0.087,,
59,0.0574,0.1523,0.0861,,
60,0.0604,0.1528,0.0906,,
61,0.061,0.1598,0.0915,,
62,0.0629,0.1598,0.09435,,
63,0.0629,0.1645,0.09435,,
64,0.0647,0.1673,0.09705,,
65,0.0653,0.1683,0.09795,,
66,0.0665,0.176,0.09975,,
67,0.0671,0.1759,0.10065,,
68,0.069,0.1802,0.1035,,
69,0.0739,0.184,0.11085,,
70,0.0726,0.1833,0.1089,,
71,0.0751,0.1916,0.11265,,
72,0.0751,0.191,0.11265,,
73,0.0763,0.1963,0.11445,,
74,0.0775,0.2002,0.11625,,
75,0.0775,0.2007,0.11625,,
76,0.0806,0.2061,0.1209,,
77,0.0824,0.2071,0.1236,,
78,0.0818,0.2144,0.1227,,
79,0.0818,0.2132,0.1227,,
80,0.0842,0.2176,0.1263,,
81,0.0861,0.2227,0.12915,,
82,0.0867,0.2227,0.13005,,
83,0.0885,0.229,0.13275,,
84,0.0897,0.2299,0.13455,,
85,0.0903,0.2342,0.13545,,
86,0.094,0.2384,0.141,,
87,0.0928,0.2396,0.1392,,
88,0.094,0.2447,0.141,,
89,0.0983,0.2454,0.14745,,
90,0.0977,0.2505,0.14655,,
91,0.0977,0.2536,0.14655,,
92,0.1019,0.2567,0.15285,,
93,0.1025,0.2597,0.15375,,
94,0.1025,0.2626,0.15375,,
95,0.105,0.2652,0.1575,,
96,0.1056,0.2695,0.1584,,
97,0.108,0.2727,0.162,,
98,0.1086,0.2746,0.1629,,
99,0.1123,0.2792,0.16845,,
100,0.1123,0.2821,0.16845,,
101,0.1129,0.2849,0.16935,,
102,0.1147,0.2881,0.17205,,
103,0.1154,0.292,0.1731,,
104,0.1172,0.2937,0.1758,,
105,0.1184,0.298,0.1776,,
106,0.1202,0.2996,0.1803,,
107,0.1233,0.3051,0.18495,,
108,0.1233,0.3075,0.18495,,
109,0.1245,0.3098,0.18675,,
110,0.1263,0.315,0.18945,,
111,0.1257,0.3154,0.18855,,
112,0.1318,0.3208,0.1977,,
113,0.1306,0.3226,0.1959,,
114,0.1324,0.3287,0.1986,,
115,0.1349,0.3291,0.20235,,
116,0.1343,0.3336,0.20145,,
117,0.1379,0.3362,0.20685,,
118,0.1392,0.339,0.2088,,
119,0.1379,0.3443,0.20685,,
120,0.1422,0.3461,0.2133,,
121,0.1416,0.3517,0.2124,,
122,0.1434,0.3523,0.2151,,
123,0.1447,0.3581,0.21705,,
124,0.1471,0.3612,0.22065,,
125,0.1489,0.3626,0.22335,,
126,0.1508,0.3694,0.2262,,
127,0.1532,0.3693,0.2298,,
128,0.1532,0.3751,0.2298,,
129,0.1556,0.3782,0.2334,,
130,0.1563,0.3815,0.23445,,
131,0.1563,0.3865,0.23445,,
132,0.1593,0.3887,0.23895,,
133,0.1611,0.3941,0.24165,,
134,0.1624,0.3965,0.2436,,
135,0.1636,0.4004,0.2454,,
136,0.1636,0.4043,0.2454,,
137,0.1666,0.4081,0.2499,,
138,0.1685,0.4107,0.25275,,
139,0.1709,0.4169,0.25635,,
140,0.1727,0.419,0.25905,,
141,0.174,0.424,0.261,,
142,0.1758,0.4278,0.2637,,
143,0.1764,0.431,0.2646,,
144,0.1776,0.435,0.2664,,
145,0.1782,0.4386,0.2673,,
146,0.1813,0.4426,0.27195,,
147,0.1819,0.4469,0.27285,,
148,0.1843,0.4516,0.27645,,
149,0.1868,0.4557,0.2802,,
150,0.1868,0.458,0.2802,,
151,0.1904,0.4625,0.2856,,
152,0.1904,0.4665,0.2856,,
153,0.1935,0.4708,0.29025,,
154,0.1947,0.4754,0.29205,,
155,0.1971,0.4788,0.29565,,
156,0.1965,0.482,0.29475,,
157,0.2002,0.4865,0.3003,,
158,0.2008,0.4905,0.3012,,
159,0.2014,0.4958,0.3021,,
160,0.2039,0.4986,0.30585,,
161,0.2069,0.5015,0.31035,,
162,0.2075,0.5067,0.31125,,
163,0.2087,0.5099,0.31305,,
164,0.2124,0.5155,0.3186,,
165,0.213,0.5189,0.3195,,
166,0.2142,0.523,0.3213,,
167,0.2161,0.5267,0.32415,,
168,0.2197,0.5291,0.32955,,
169,0.2203,0.5352,0.33045,,
170,0.2197,0.5374,0.32955,,
171,0.224,0.5432,0.336,,
172,0.2258,0.5468,0.3387,,
173,0.2258,0.5496,0.3387,,
174,0.2295,0.5555,0.34425,,
175,0.2319,0.5572,0.34785,,
176,0.2332,0.5621,0.3498,,
177,0.2356,0.5654,0.3534,,
178,0.235,0.5695,0.3525,,
179,0.2399,0.5726,0.35985,,
180,0.2405,0.5768,0.36075,,
181,0.2411,0.5822,0.36165,,
182,0.2441,0.5838,0.36615,,
183,0.2466,0.5893,0.3699,,
184,0.2472,0.5922,0.3708,,
185,0.2509,0.597,0.37635,,
186,0.2484,0.5992,0.3726,,
187,0.2521,0.6027,0.37815,,
188,0.257,0.6073,0.3855,,
189,0.257,0.6105,0.3855,,
190,0.2576,0.6156,0.3864,,
191,0.2618,0.6187,0.3927,,
192,0.2618,0.6225,0.3927,,
193,0.2637,0.6257,0.39555,,
194,0.2643,0.6306,0.39645,,
195,0.2679,0.633,0.40185,,
196,0.2704,0.6377,0.4056,,
197,0.2734,0.6404,0.4101,,
198,0.2741,0.6453,0.41115,,
199,0.2771,0.6494,0.41565,,
200,0.2777,0.653,0.41655,,
201,0.2789,0.657,0.41835,,
202,0.2814,0.6598,0.4221,,
203,0.2814,0.6654,0.4221,,
204,0.2844,0.668,0.4266,,
205,0.2844,0.6723,0.4266,,
206,0.2899,0.6771,0.43485,,
207,0.2918,0.6811,0.4377,,
208,0.293,0.6861,0.4395,,
209,0.2942,0.6884,0.4413,,
210,0.2985,0.6945,0.44775,,
211,0.2966,0.6973,0.4449,,
212,0.3009,0.7018,0.45135,,
213,0.3021,0.7064,0.45315,,
214,0.3052,0.7108,0.4578,,
215,0.307,0.7149,0.4605,,
216,0.3095,0.7196,0.46425,,
217,0.3101,0.7238,0.46515,,
218,0.3119,0.7286,0.46785,,
219,0.3156,0.7331,0.4734,,
220,0.3162,0.7369,0.4743,,
221,0.3174,0.7414,0.4761,,
222,0.3204,0.7469,0.4806,,
223,0.3229,0.7512,0.48435,,
224,0.3229,0.7559,0.48435,,
225,0.3272,0.7598,0.4908,,
226,0.3284,0.7656,0.4926,,
227,0.3314,0.7684,0.4971,,
228,0.3326,0.7734,0.4989,,
229,0.3345,0.7798,0.50175,,
230,0.3363,0.7832,0.50445,,
231,0.3381,0.7881,0.50715,,
232,0.3424,0.7924,0.5136,,
233,0.3418,0.797,0.5127,,
234,0.3467,0.8026,0.52005,,
235,0.3491,0.8068,0.52365,,
236,0.3497,0.812,0.52455,,
237,0.354,0.8166,0.531,,
238,0.354,0.8206,0.531,,
239,0.3577,0.8261,0.53655,,
240,0.3601,0.8297,0.54015,,
241,0.3638,0.8365,0.5457,,
242,0.3638,0.8396,0.5457,,
243,0.365,0.8453,0.5475,,
244,0.3662,0.8475,0.5493,,
245,0.3693,0.8547,0.55395,,
246,0.3723,0.8577,0.55845,,
247,0.3742,0.8636,0.5613,,
248,0.3772,0.8688,0.5658,,
249,0.379,0.8721,0.5685,,
250,0.3796,0.8763,0.5694,,
251,0.3833,0.881,0.57495,,
252,0.3851,0.8861,0.57765,,
253,0.387,0.89,0.5805,,
254,0.39,0.8952,0.585,,
255,0.3912,0.8982,0.5868,,
256,0.3931,0.9035,0.58965,,
257,0.3967,0.908,0.59505,,
258,0.3992,0.9129,0.5988,,
259,0.4047,0.9179,0.60705,,
260,0.4053,0.9201,0.60795,,
261,0.4053,0.9256,0.60795,,
262,0.4065,0.93,0.60975,,
263,0.4102,0.9338,0.6153,,
264,0.4126,0.9389,0.6189,,
265,0.4163,0.9431,0.62445,,
266,0.4181,0.9473,0.62715,,
267,0.4211,0.9524,0.63165,,
268,0.4218,0.9561,0.6327,,
269,0.4242,0.9608,0.6363,,
270,0.4266,0.9638,0.6399,,
271,0.4279,0.9703,0.64185,,
272,0.434,0.9743,0.651,,
273,0.4346,0.9776,0.6519,,
274,0.4358,0.9842,0.6537,,
275,0.4401,0.9876,0.66015,,
276,0.4419,0.9933,0.66285,,
277,0.4443,0.9976,0.66645,,
278,0.4474,1.0019,0.6711,,
279,0.4492,1.0063,0.6738,,
280,0.4517,1.0113,0.67755,,
281,0.4547,1.0179,0.68205,,
282,0.4578,1.0211,0.6867,,
283,0.459,1.0269,0.6885,,
284,0.4614,1.0321,0.6921,,
285,0.4639,1.0364,0.69585,,
286,0.4669,1.042,0.70035,,
287,0.47,1.0458,0.705,,
288,0.4718,1.0535,0.7077,,
289,0.4761,1.0566,0.71415,,
290,0.4791,1.0621,0.71865,,
291,0.4816,1.068,0.7224,,
292,0.481,1.0721,0.7215,,
293,0.4865,1.078,0.72975,,
294,0.4883,1.0838,0.73245,,
295,0.4907,1.0892,0.73605,,
296,0.492,1.0936,0.738,,
297,0.4974,1.1,0.7461,,
298,0.4987,1.1035,0.74805,,
299,0.5023,1.1109,0.75345,,
300,0.5029,1.1152,0.75435,,
301,0.5072,1.121,0.7608,,
302,0.5109,1.1259,0.76635,,
303,0.5127,1.1316,0.76905,,
304,0.5158,1.137,0.7737,,
305,0.5176,1.1418,0.7764,,
306,0.5188,1.1487,0.7782,,
307,0.5231,1.1533,0.78465,,
308,0.5249,1.1589,0.78735,,
309,0.5292,1.1635,0.7938,,
310,0.5316,1.1695,0.7974,,
311,0.5341,1.1746,0.80115,,
312,0.5365,1.1787,0.80475,,
313,0.5383,1.1859,0.80745,,
314,0.5438,1.1895,0.8157,,
315,0.5457,1.1956,0.81855,,
316,0.5475,1.2017,0.82125,,
317,0.5499,1.2044,0.82485,,
318,0.553,1.2102,0.8295,,
319,0.5554,1.2152,0.8331,,
320,0.5591,1.2203,0.83865,,
321,0.5609,1.2263,0.84135,,
322,0.5652,1.2306,0.8478,,
323,0.5689,1.2352,0.85335,,
324,0.5707,1.2403,0.85605,,
325,0.5719,1.2457,0.85785,,
326,0.5768,1.2501,0.8652,,
327,0.5786,1.2551,0.8679,,
328,0.5829,1.2601,0.87435,,
329,0.5859,1.265,0.87885,,
330,0.5878,1.27,0.8817,,
331,0.5896,1.2749,0.8844,,
332,0.5939,1.2812,0.89085,,
333,0.5969,1.2862,0.89535,,
334,0.5982,1.289,0.8973,,
335,0.6018,1.2958,0.9027,,
336,0.6055,1.3003,0.90825,,
337,0.6067,1.3073,0.91005,,
338,0.6134,1.3125,0.9201,,
339,0.614,1.3181,0.921,,
340,0.6177,1.3224,0.92655,,
341,0.622,1.3278,0.933,,
342,0.6232,1.3339,0.9348,,
343,0.6281,1.3399,0.94215,,
344,0.6293,1.3456,0.94395,,
345,0.6329,1.3505,0.94935,,
346,0.636,1.3578,0.954,,
347,0.6415,1.3621,0.96225,,
348,0.6439,1.3698,0.96585,,
349,0.6458,1.3739,0.9687,,
350,0.6494,1.3806,0.9741,,
351,0.6525,1.3865,0.97875,,
352,0.6549,1.3911,0.98235,,
353,0.6586,1.3989,0.9879,,
354,0.6616,1.4036,0.9924,,
355,0.6647,1.4116,0.99705,,
356,0.6683,1.4154,1.00245,,
357,0.6702,1.4233,1.0053,,
358,0.6738,1.4288,1.0107,,
359,0.6763,1.4338,1.01445,,
360,0.6799,1.4409,1.01985,,
361,0.6842,1.4462,1.0263,,
362,0.6891,1.4549,1.03365,,
363,0.6921,1.4586,1.03815,,
364,0.6934,1.4656,1.0401,,
365,0.6989,1.4713,1.04835,,
366,0.7007,1.4782,1.05105,,
367,0.7056,1.4839,1.0584,,
368,0.708,1.4892,1.062,,
369,0.7086,1.4953,1.0629,,
370,0.7153,1.5018,1.07295,,
371,0.7184,1.5077,1.0776,,
372,0.7221,1.5136,1.08315,,
373,0.7239,1.5192,1.08585,,
374,0.7288,1.5248,1.0932,,
375,0.7312,1.5301,1.0968,,
376,0.7349,1.5358,1.10235,,
377,0.7379,1.5408,1.10685,,
378,0.7434,1.5474,1.1151,,
379,0.7434,1.5525,1.1151,,
380,0.7483,1.559,1.12245,,
381,0.7526,1.5631,1.1289,,
382,0.7568,1.5694,1.1352,,
383,0.7599,1.5749,1.13985,,
384,0.7623,1.5814,1.14345,,
385,0.7666,1.586,1.1499,,
386,0.7709,1.5913,1.15635,,
387,0.7727,1.5972,1.15905,,
388,0.7782,1.6029,1.1673,,
389,0.7813,1.6103,1.17195,,
390,0.788,1.6158,1.182,,
391,0.7898,1.6215,1.1847,,
392,0.791,1.6272,1.1865,,
393,0.7959,1.6333,1.19385,,
394,0.8008,1.6391,1.2012,,
395,0.8063,1.6466,1.20945,,
396,0.8069,1.6523,1.21035,,
397,0.8106,1.6593,1.2159,,
398,0.8173,1.6644,1.22595,,
399,0.8185,1.6725,1.22775,,
400,0.8258,1.678,1.2387,,
401,0.8283,1.6839,1.24245,,
402,0.8307,1.6915,1.24605,,
403,0.835,1.6977,1.2525,,
404,0.8386,1.7048,1.2579,,
405,0.8423,1.7125,1.26345,,
406,0.8466,1.7172,1.2699,,
407,0.8502,1.7248,1.2753,,
408,0.8563,1.7326,1.28445,,
409,0.8588,1.7382,1.2882,,
410,0.8643,1.7457,1.29645,,
411,0.8667,1.7526,1.30005,,
412,0.8698,1.7587,1.3047,,
413,0.8734,1.767,1.3101,,
414,0.8771,1.7734,1.31565,,
415,0.8832,1.7813,1.3248,,
416,0.8869,1.7872,1.33035,,
417,0.8899,1.7939,1.33485,,
418,0.896,1.8003,1.344,,
419,0.8978,1.808,1.3467,,
420,0.9021,1.815,1.35315,,
421,0.9058,1.8211,1.3587,,
422,0.9125,1.8277,1.36875,,
423,0.9162,1.834,1.3743,,
424,0.9186,1.8406,1.3779,,
425,0.9259,1.8481,1.38885,,
426,0.9284,1.8529,1.3926,,
427,0.9345,1.8592,1.40175,,
428,0.9369,1.865,1.40535,,
429,0.9418,1.8724,1.4127,,
430,0.9454,1.8779,1.4181,,
431,0.9534,1.8848,1.4301,,
432,0.954,1.8909,1.431,,
433,0.9589,1.8973,1.43835,,
434,0.9638,1.9033,1.4457,,
435,0.9693,1.9099,1.45395,,
436,0.9711,1.9162,1.45665,,
437,0.9766,1.9227,1.4649,,
438,0.9815,1.9299,1.47225,,
439,0.9845,1.9355,1.47675,,
440,0.9906,1.9437,1.4859,,
441,0.9961,1.9495,1.49415,,
442,1.0004,1.9569,1.5006,,
443,1.0047,1.964,1.50705,,
444,1.0083,1.9704,1.51245,,
445,1.0108,1.978,1.5162,,
446,1.0199,1.9844,1.52985,,
447,1.0217,1.9934,1.53255,,
448,1.0278,1.9988,1.5417,,
449,1.0303,2.0078,1.54545,,
450,1.0376,2.0149,1.5564,,
451,1.0413,2.0213,1.56195,,
452,1.0449,2.0305,1.56735,,
453,1.0492,2.035,1.5738,,
454,1.0529,2.0457,1.57935,,
455,1.0596,2.0504,1.5894,,
456,1.0657,2.0605,1.59855,,
457,1.0687,2.0685,1.60305,,
458,1.073,2.0742,1.6095,,
459,1.0791,2.0841,1.61865,,
460,1.0864,2.0901,1.6296,,
461,1.0864,2.0988,1.6296,,
462,1.0919,2.1053,1.63785,,
463,1.0962,2.1131,1.6443,,
464,1.1023,2.1216,1.65345,,
465,1.1066,2.1276,1.6599,,
466,1.1133,2.1361,1.66995,,
467,1.117,2.1423,1.6755,,
468,1.1225,2.1512,1.68375,,
469,1.1298,2.1566,1.6947,,
470,1.1322,2.1643,1.6983,,
471,1.1383,2.1703,1.70745,,
472,1.1426,2.1771,1.7139,,
473,1.1475,2.1856,1.72125,,
474,1.1524,2.192,1.7286,,
475,1.1572,2.1981,1.7358,,
476,1.1633,2.2056,1.74495,,
477,1.1695,2.211,1.75425,,
478,1.1725,2.2192,1.75875,,
479,1.1786,2.2265,1.7679,,
480,1.1817,2.2336,1.77255,,
481,1.1896,2.24,1.7844,,
482,1.1957,2.2474,1.79355,,
483,1.2006,2.2556,1.8009,,
484,1.2055,2.2613,1.80825,,
485,1.2116,2.2705,1.8174,,
486,1.2152,2.2779,1.8228,,
487,1.2189,2.2856,1.82835,,
488,1.225,2.2935,1.8375,,
489,1.2299,2.3001,1.84485,,
490,1.2354,2.3084,1.8531,,
491,1.2445,2.3176,1.86675,,
492,1.247,2.3244,1.8705,,
493,1.2506,2.3329,1.8759,,
494,1.2561,2.3406,1.88415,,
495,1.2622,2.3483,1.8933,,
496,1.2689,2.3567,1.90335,,
497,1.2732,2.3657,1.9098,,
498,1.2775,2.3737,1.91625,,
499,1.2842,2.3818,1.9263,,
500,1.2909,2.3905,1.93635,,
501,1.2946,2.3981,1.9419,,
502,1.2995,2.4077,1.94925,,
503,1.3062,2.4141,1.9593,,
504,1.3111,2.4237,1.96665,,
505,1.3153,2.4317,1.97295,,
506,1.3227,2.439,1.98405,,
507,1.3281,2.4473,1.99215,,
508,1.333,2.4544,1.9995,,
509,1.3391,2.4637,2.00865,,
510,1.3471,2.4691,2.02065,,
511,1.3495,2.4793,2.02425,,
512,1.3568,2.4841,2.0352,,
513,1.3617,2.4924,2.04255,,
514,1.3684,2.4998,2.0526,,
515,1.3733,2.5056,2.05995,,
516,1.3788,2.5149,2.0682,,
517,1.3837,2.5207,2.07555,,
518,1.3898,2.5293,2.0847,,
519,1.3953,2.5359,2.09295,,
520,1.4032,2.5432,2.1048,,
521,1.4081,2.5519,2.11215,,
522,1.4124,2.5569,2.1186,,
523,1.4185,2.5667,2.12775,,
524,1.4264,2.5738,2.1396,,
525,1.4301,2.5813,2.14515,,
526,1.4356,2.5895,2.1534,,
527,1.4386,2.5986,2.1579,,
528,1.4453,2.6055,2.16795,,
529,1.4527,2.6135,2.17905,,
530,1.4582,2.6224,2.1873,,
531,1.4649,2.63,2.19735,,
532,1.4691,2.6387,2.20365,,
533,1.4746,2.6468,2.2119,,
534,1.4813,2.6561,2.22195,,
535,1.4874,2.6627,2.2311,,
536,1.496,2.6735,2.244,,
537,1.4997,2.6799,2.24955,,
538,1.5058,2.6902,2.2587,,
539,1.5113,2.6988,2.26695,,
540,1.5161,2.7061,2.27415,,
541,1.5216,2.7168,2.2824,,
542,1.5271,2.7231,2.29065,,
543,1.5338,2.7324,2.3007,,
544,1.5399,2.7411,2.30985,,
545,1.546,2.7501,2.319,,
546,1.5528,2.7594,2.3292,,
547,1.5595,2.7652,2.33925,,
548,1.5631,2.7738,2.34465,,
549,1.5686,2.781,2.3529,,
550,1.5735,2.7905,2.36025,,
551,1.5808,2.7964,2.3712,,
552,1.5857,2.8056,2.37855,,
553,1.5906,2.8132,2.3859,,
554,1.5998,2.8193,2.3997,,
555,1.6059,2.8283,2.40885,,
556,1.6077,2.8341,2.41155,,
557,1.6187,2.8432,2.42805,,
558,1.6223,2.8493,2.43345,,
559,1.6278,2.8579,2.4417,,
560,1.6376,2.8661,2.4564,,
561,1.64,2.8721,2.46,,
562,1.6468,2.8817,2.4702,,
563,1.6529,2.8887,2.47935,,
564,1.659,2.8972,2.4885,,
565,1.6638,2.904,2.4957,,
566,1.6712,2.9135,2.5068,,
567,1.6761,2.9206,2.51415,,
568,1.6797,2.9296,2.51955,,
569,1.6895,2.9382,2.53425,,
570,1.695,2.9454,2.5425,,
571,1.7023,2.9549,2.55345,,
572,1.7053,2.9628,2.55795,,
573,1.7139,2.9723,2.57085,,
574,1.7188,2.9789,2.5782,,
575,1.7249,2.9893,2.58735,,
576,1.7298,2.9969,2.5947,,
577,1.7359,3.0048,2.60385,,
578,1.7407,3.0154,2.61105,,
579,1.7469,3.0235,2.62035,,
580,1.753,3.0331,2.6295,,
581,1.7615,3.0404,2.64225,,
582,1.7633,3.0494,2.64495,,
583,1.7725,3.0578,2.65875,,
584,1.7762,3.0654,2.6643,,
585,1.7823,3.0759,2.67345,,
586,1.7914,3.0826,2.6871,,
587,1.7951,3.0918,2.69265,,
588,1.8018,3.0995,2.7027,,
589,1.8085,3.1057,2.71275,,
590,1.8146,3.1158,2.7219,,
591,1.8183,3.1211,2.72745,,
592,1.8244,3.1298,2.7366,,
593,1.8311,3.1367,2.74665,,
594,1.8378,3.145,2.7567,,
595,1.8421,3.1531,2.76315,,
596,1.8506,3.159,2.7759,,
597,1.8555,3.1692,2.78325,,
598,1.8616,3.1743,2.7924,,
599,1.8677,3.1829,2.80155,,
600,1.8732,3.1917,2.8098,,
601,1.8775,3.1982,2.81625,,
602,1.8842,3.2063,2.8263,,
603,1.8915,3.2142,2.83725,,
604,1.8982,3.2238,2.8473,,
605,1.9074,3.2324,2.8611,,
606,1.9092,3.2398,2.8638,,
607,1.9159,3.2475,2.87385,,
608,1.9232,3.2568,2.8848,,
609,1.9294,3.2643,2.8941,,
610,1.9348,3.274,2.9022,,
611,1.9409,3.2826,2.91135,,
612,1.9477,3.2902,2.92155,,
613,1.9538,3.3009,2.9307,,
614,1.9593,3.3082,2.93895,,
615,1.9654,3.3166,2.9481,,
616,1.9709,3.3264,2.95635,,
617,1.9757,3.3344,2.96355,,
618,1.9831,3.343,2.97465,,
619,1.9879,3.3527,2.98185,,
620,1.9959,3.3602,2.99385,,
621,2.0008,3.3695,3.0012,,
622,2.0069,3.3788,3.01035,,
623,2.0124,3.3856,3.0186,,
624,2.0191,3.3945,3.02865,,
625,2.0258,3.4027,3.0387,,
626,2.0319,3.4099,3.04785,,
627,2.0374,3.4189,3.0561,,
628,2.0435,3.4266,3.06525,,
629,2.049,3.4337,3.0735,,
630,2.0551,3.4416,3.08265,,
631,2.0618,3.4493,3.0927,,
632,2.0673,3.4561,3.10095,,
633,2.0752,3.4647,3.1128,,
634,2.0795,3.472,3.11925,,
635,2.0887,3.479,3.13305,,
636,2.0923,3.4871,3.13845,,
637,2.0996,3.4936,3.1494,,
638,2.1039,3.5036,3.15585,,
639,2.11,3.5103,3.165,,
640,2.1173,3.5178,3.17595,,
641,2.1228,3.5272,3.1842,,
642,2.1308,3.5336,3.1962,,
643,2.1357,3.5426,3.20355,,
644,2.1399,3.5507,3.20985,,
645,2.1479,3.5577,3.22185,,
646,2.1527,3.5669,3.22905,,
647,2.1595,3.5766,3.23925,,
648,2.1643,3.5823,3.24645,,
649,2.1723,3.5935,3.25845,,
650,2.1784,3.6005,3.2676,,
651,2.1857,3.6111,3.27855,,
652,2.1918,3.6189,3.2877,,
653,2.1967,3.6262,3.29505,,
654,2.2028,3.6379,3.3042,,
655,2.2077,3.6437,3.31155,,
656,2.2132,3.6523,3.3198,,
657,2.2217,3.664,3.33255,,
658,2.2266,3.6701,3.3399,,
659,2.2345,3.6811,3.35175,,
660,2.2406,3.6884,3.3609,,
661,2.2437,3.6959,3.36555,,
662,2.251,3.7063,3.3765,,
663,2.2571,3.7111,3.38565,,
664,2.2638,3.7225,3.3957,,
665,2.2699,3.7288,3.40485,,
666,2.2748,3.7373,3.4122,,
667,2.2815,3.7449,3.42225,,
668,2.2864,3.7517,3.4296,,
669,2.2931,3.7602,3.43965,,
670,2.2986,3.767,3.4479,,
671,2.3066,3.7752,3.4599,,
672,2.3133,3.7824,3.46995,,
673,2.3169,3.7896,3.47535,,
674,2.3249,3.7976,3.48735,,
675,2.3304,3.8045,3.4956,,
676,2.3365,3.8133,3.50475,,
677,2.342,3.8203,3.513,,
678,2.3481,3.8283,3.52215,,
679,2.3548,3.8367,3.5322,,
680,2.3627,3.8431,3.54405,,
681,2.3664,3.8522,3.5496,,
682,2.3737,3.8603,3.56055,,
683,2.3786,3.8676,3.5679,,
684,2.3853,3.8791,3.57795,,
685,2.3908,3.884,3.5862,,
686,2.4018,3.8936,3.6027,,
687,2.406,3.9013,3.609,,
688,2.4103,3.911,3.61545,,
689,2.417,3.9185,3.6255,,
690,2.4201,3.9283,3.63015,,
691,2.4274,3.9365,3.6411,,
692,2.4341,3.9454,3.65115,,
693,2.4402,3.9531,3.6603,,
694,2.4469,3.9619,3.67035,,
695,2.4524,3.9728,3.6786,,
696,2.4579,3.9793,3.68685,,
697,2.4634,3.989,3.6951,,
698,2.4695,3.9974,3.70425,,
699,2.4756,4.0064,3.7134,,
700,2.4817,4.0141,3.72255,,
701,2.4891,4.0227,3.73365,,
702,2.4964,4.0313,3.7446,,
703,2.5019,4.0384,3.75285,,
704,2.508,4.0468,3.762,,
705,2.5141,4.0549,3.77115,,
706,2.5183,4.0628,3.77745,,
707,2.5257,4.069,3.78855,,
708,2.5318,4.0786,3.7977,,
709,2.5379,4.0845,3.80685,,
710,2.5452,4.0927,3.8178,,
711,2.5507,4.1003,3.82605,,
712,2.5562,4.1073,3.8343,,
713,2.5635,4.1152,3.84525,,
714,2.569,4.1219,3.8535,,
715,2.5745,4.1303,3.86175,,
716,2.5824,4.1379,3.8736,,
717,2.5861,4.1462,3.87915,,
718,2.5922,4.1535,3.8883,,
719,2.5989,4.1623,3.89835,,
720,2.605,4.1701,3.9075,,
721,2.6117,4.178,3.91755,,
722,2.616,4.186,3.924,,
723,2.6221,4.1933,3.93315,,
724,2.6294,4.2031,3.9441,,
725,2.6368,4.2116,3.9552,,
726,2.6416,4.2196,3.9624,,
727,2.6496,4.2299,3.9744,,
728,2.6538,4.2373,3.9807,,
729,2.66,4.2457,3.99,,
730,2.6648,4.254,3.9972,,
731,2.6746,4.2631,4.0119,,
732,2.677,4.2717,4.0155,,
733,2.6838,4.2806,4.0257,,
734,2.6929,4.2894,4.03935,,
735,2.6984,4.2992,4.0476,,
736,2.7039,4.3063,4.05585,,
737,2.71,4.3161,4.065,,
738,2.7143,4.3244,4.07145,,
739,2.7222,4.3313,4.0833,,
740,2.7289,4.3422,4.09335,,
741,2.7326,4.3487,4.0989,,
742,2.7393,4.3572,4.10895,,
743,2.7466,4.3649,4.1199,,
744,2.7527,4.3733,4.12905,,
745,2.7588,4.3806,4.1382,,
746,2.7649,4.3883,4.14735,,
747,2.7704,4.3952,4.1556,,
748,2.7765,4.4033,4.16475,,
749,2.7839,4.4104,4.17585,,
750,2.7875,4.4175,4.18125,,
751,2.7942,4.4259,4.1913,,
752,2.8016,4.4326,4.2024,,
753,2.8077,4.4421,4.21155,,
754,2.8144,4.4475,4.2216,,
755,2.8205,4.457,4.23075,,
756,2.8284,4.4637,4.2426,,
757,2.8302,4.471,4.2453,,
758,2.8394,4.4806,4.2591,,
759,2.8449,4.4878,4.26735,,
760,2.8504,4.4978,4.2756,,
761,2.8571,4.5045,4.28565,,
762,2.8638,4.514,4.2957,,
763,2.8693,4.5213,4.30395,,
764,2.8748,4.5293,4.3122,,
765,2.8815,4.5403,4.32225,,
766,2.8876,4.5455,4.3314,,
767,2.8931,4.5571,4.33965,,
768,2.8998,4.5654,4.3497,,
769,2.9065,4.5732,4.35975,,
770,2.9126,4.5834,4.3689,,
771,2.9187,4.5901,4.37805,,
772,2.9242,4.6014,4.3863,,
773,2.9303,4.6076,4.39545,,
774,2.9358,4.6173,4.4037,,
775,2.9444,4.6278,4.4166,,
776,2.9493,4.6346,4.42395,,
777,2.9548,4.6446,4.4322,,
778,2.9615,4.6527,4.44225,,
779,2.9694,4.6601,4.4541,,
780,2.9767,4.6688,4.46505,,
781,2.9792,4.6757,4.4688,,
782,2.9847,4.685,4.47705,,
783,2.9908,4.6924,4.4862,,
784,2.9981,4.7003,4.49715,,
785,3.0042,4.7076,4.5063,,
786,3.0103,4.7144,4.51545,,
787,3.0152,4.7234,4.5228,,
788,3.0231,4.7295,4.53465,,
789,3.028,4.7375,4.542,,
790,3.0341,4.7453,4.55115,,
791,3.0414,4.7524,4.5621,,
792,3.05,4.7606,4.575,,
793,3.0542,4.7679,4.5813,,
794,3.0591,4.7773,4.58865,,
795,3.0665,4.7844,4.59975,,
796,3.075,4.7921,4.6125,,
797,3.0787,4.8002,4.61805,,
798,3.0854,4.808,4.6281,,
799,3.0903,4.8159,4.63545,,
800,3.097,4.8255,4.6455,,
801,3.1031,4.8338,4.65465,,
802,3.1104,4.8417,4.6656,,
803,3.1147,4.8501,4.67205,,
804,3.122,4.8592,4.683,,
805,3.1275,4.8682,4.69125,,
806,3.1348,4.876,4.7022,,
807,3.1391,4.8842,4.70865,,
808,3.147,4.894,4.7205,,
809,3.155,4.9032,4.7325,,
810,3.1592,4.9114,4.7388,,
811,3.1647,4.9203,4.74705,,
812,3.1702,4.9288,4.7553,,
813,3.1788,4.9384,4.7682,,
814,3.1843,4.946,4.77645,,
815,3.1885,4.9553,4.78275,,
816,3.1946,4.9634,4.7919,,
817,3.2001,4.9705,4.80015,,
818,3.2081,4.9808,4.81215,,
819,3.2136,4.9884,4.8204,,
820,3.2215,4.9966,4.83225,,
821,3.227,5.0046,4.8405,,
822,3.2337,5.0114,4.85055,,
823,3.2386,5.02,4.8579,,
824,3.2435,5.0259,4.86525,,
825,3.2514,5.0355,4.8771,,
826,3.2569,5.0415,4.88535,,
827,3.2636,5.051,4.8954,,
828,3.2715,5.0565,4.90725,,
829,3.2758,5.0638,4.9137,,
830,3.2813,5.0736,4.92195,,
831,3.288,5.0795,4.932,,
832,3.2923,5.0894,4.93845,,
833,3.299,5.0955,4.9485,,
834,3.3075,5.103,4.96125,,
835,3.3118,5.1129,4.9677,,
836,3.3191,5.1193,4.97865,,
837,3.3252,5.1293,4.9878,,
838,3.3307,5.1363,4.99605,,
839,3.3368,5.1455,5.0052,,
840,3.3429,5.1534,5.01435,,
841,3.3503,5.1618,5.02545,,
842,3.3564,5.172,5.0346,,
843,3.3619,5.1778,5.04285,,
844,3.3674,5.1889,5.0511,,
845,3.3741,5.1962,5.06115,,
846,3.379,5.205,5.0685,,
847,3.3863,5.2139,5.07945,,
848,3.393,5.2226,5.0895,,
849,3.3973,5.2323,5.09595,,
850,3.4046,5.2391,5.1069,,
851,3.4131,5.25,5.11965,,
852,3.418,5.2577,5.127,,
853,3.4229,5.2665,5.13435,,
854,3.4302,5.2755,5.1453,,
855,3.4357,5.2838,5.15355,,
856,3.4449,5.2911,5.16735,,
857,3.4485,5.2991,5.17275,,
858,3.4534,5.3078,5.1801,,
859,3.4589,5.3159,5.18835,,
860,3.4662,5.3245,5.1993,,
861,3.473,5.3317,5.2095,,
862,3.4797,5.3385,5.21955,,
863,3.4846,5.345,5.2269,,
864,3.4913,5.3554,5.23695,,
865,3.4961,5.3616,5.24415,,
866,3.5053,5.3688,5.25795,,
867,3.5102,5.3764,5.2653,,
868,3.5151,5.3845,5.27265,,
869,3.5224,5.392,5.2836,,
870,3.5297,5.3994,5.29455,,
871,3.5346,5.4073,5.3019,,
872,3.5413,5.4154,5.31195,,
873,3.545,5.423,5.3175,,
874,3.5541,5.4313,5.33115,,
875,3.5584,5.4392,5.3376,,
876,3.5669,5.4482,5.35035,,
877,3.5706,5.4561,5.3559,,
878,3.5779,5.4645,5.36685,,
879,3.5846,5.4728,5.3769,,
880,3.5908,5.4808,5.3862,,
881,3.5969,5.4897,5.39535,,
882,3.6017,5.4991,5.40255,,
883,3.6103,5.5061,5.41545,,
884,3.6127,5.5157,5.41905,,
885,3.6194,5.5232,5.4291,,
886,3.6255,5.5338,5.43825,,
887,3.6316,5.5424,5.4474,,
888,3.639,5.5494,5.4585,,
889,3.6451,5.56,5.46765,,
890,3.6493,5.5674,5.47395,,
891,3.6561,5.5764,5.48415,,
892,3.6628,5.5856,5.4942,,
893,3.6689,5.594,5.50335,,
894,3.6744,5.6027,5.5116,,
895,3.6817,5.6091,5.52255,,
896,3.6878,5.6182,5.5317,,
897,3.6915,5.6259,5.53725,,
898,3.6988,5.634,5.5482,,
899,3.7055,5.6416,5.55825,,
900,3.711,5.6491,5.5665,,
901,3.7183,5.6575,5.57745,,
902,3.7232,5.6646,5.5848,,
903,3.7305,5.6724,5.59575,,
904,3.736,5.6786,5.604,,
905,3.7409,5.6873,5.61135,,
906,3.7494,5.6943,5.6241,,
907,3.7543,5.7017,5.63145,,
908,3.761,5.7095,5.6415,,
909,3.7678,5.7174,5.6517,,
910,3.7745,5.7257,5.66175,,
911,3.7794,5.7327,5.6691,,
912,3.7855,5.7413,5.67825,,
913,3.7922,5.7489,5.6883,,
914,3.7964,5.7565,5.6946,,
915,3.8044,5.766,5.7066,,
916,3.8111,5.7728,5.71665,,
917,3.816,5.7828,5.724,,
918,3.8215,5.7896,5.73225,,
919,3.8276,5.7995,5.7414,,
920,3.8343,5.8063,5.75145,,
921,3.8404,5.8159,5.7606,,
922,3.8459,5.8246,5.76885,,
923,3.8526,5.8317,5.7789,,
924,3.8581,5.8424,5.78715,,
925,3.866,5.8504,5.799,,
926,3.8715,5.8597,5.80725,,
927,3.8776,5.8675,5.8164,,
928,3.8831,5.8762,5.82465,,
929,3.8911,5.8848,5.83665,,
930,3.8947,5.8928,5.84205,,
931,3.9008,5.903,5.8512,,
932,3.9106,5.9105,5.8659,,
933,3.9142,5.9203,5.8713,,
934,3.921,5.9267,5.8815,,
935,3.9277,5.9352,5.89155,,
936,3.9313,5.9429,5.89695,,
937,3.9374,5.9512,5.9061,,
938,3.9429,5.9589,5.91435,,
939,3.9496,5.9655,5.9244,,
940,3.9557,5.9741,5.93355,,
941,3.9631,5.9813,5.94465,,
942,3.9698,5.9897,5.9547,,
943,3.9753,5.9965,5.96295,,
944,3.9814,6.0042,5.9721,,
945,3.9875,6.0111,5.98125,,
946,3.9924,6.0187,5.9886,,
947,3.9991,6.0264,5.99865,,
948,4.004,6.0342,6.006,,
949,4.0113,6.0419,6.01695,,
950,4.018,6.0507,6.027,,
951,4.0229,6.0576,6.03435,,
952,4.0296,6.067,6.0444,,
953,4.0357,6.0733,6.05355,,
954,4.0424,6.0825,6.0636,,
955,4.0485,6.0906,6.07275,,
956,4.0522,6.0976,6.0783,,
957,4.0583,6.109,6.08745,,
958,4.0656,6.1151,6.0984,,
959,4.0705,6.1249,6.10575,,
960,4.0772,6.133,6.1158,,
961,4.0845,6.1406,6.12675,,
962,4.09,6.1505,6.135,,
963,4.0974,6.1583,6.1461,,
964,4.1016,6.167,6.1524,,
965,4.1077,6.1753,6.16155,,
966,4.1157,6.1841,6.17355,,
967,4.1218,6.1947,6.1827,,
968,4.1279,6.2024,6.19185,,
969,4.1352,6.2102,6.2028,,
970,4.1413,6.2195,6.21195,,
971,4.1462,6.226,6.2193,,
972,4.1517,6.2364,6.22755,,
973,4.1578,6.2426,6.2367,,
974,4.1645,6.2518,6.24675,,
975,4.1688,6.2605,6.2532,,
976,4.1767,6.2676,6.26505,,
977,4.1834,6.2756,6.2751,,
978,4.1889,6.2826,6.28335,,
979,4.1932,6.2904,6.2898,,
980,4.2005,6.297,6.30075,,
981,4.2066,6.3057,6.3099,,
982,4.2127,6.3119,6.31905,,
983,4.2182,6.3197,6.3273,,
984,4.2243,6.3285,6.33645,,
985,4.2316,6.3349,6.3474,,
986,4.2383,6.3432,6.35745,,
987,4.2426,6.3495,6.3639,,
988,4.2487,6.3577,6.37305,,
989,4.2554,6.3658,6.3831,,
990,4.2609,6.3737,6.39135,,
991,4.2683,6.3812,6.40245,,
992,4.2737,6.3911,6.41055,,
993,4.2811,6.3979,6.42165,,
994,4.2878,6.4058,6.4317,,
995,4.2945,6.4153,6.44175,,
996,4.2976,6.4212,6.4464,,
997,4.3043,6.4318,6.45645,,
998,4.3104,6.4386,6.4656,,
999,4.3153,6.4484,6.47295,,
1000,4.322,6.4568,6.483,,
1001,4.3287,6.4654,6.49305,,
1002,4.3354,6.473,6.5031,,
1003,4.3397,6.4821,6.50955,,
1004,4.3488,6.4908,6.5232,,
1005,4.3507,6.4988,6.52605,,
1006,4.3568,6.5078,6.5352,,
1007,4.3647,6.516,6.54705,,
1008,4.3702,6.5257,6.5553,,
1009,4.3775,6.5339,6.56625,,
1010,4.383,6.5414,6.5745,,
1011,4.3891,6.5509,6.58365,,
1012,4.3952,6.5575,6.5928,,
1013,4.4013,6.5668,6.60195,,
1014,4.408,6.5729,6.612,,
1015,4.4129,6.5832,6.61935,,
1016,4.4202,6.5895,6.6303,,
1017,4.4251,6.5986,6.63765,,
1018,4.4337,6.6047,6.65055,,
1019,4.4379,6.612,6.65685,,
1020,4.444,6.6189,6.666,,
1021,4.4483,6.6269,6.67245,,
1022,4.4569,6.6348,6.68535,,
1023,4.4611,6.6405,6.69165,,
1024,4.4678,6.6499,6.7017,,
1025,4.4727,6.6563,6.70905,,
1026,4.4813,6.6643,6.72195,,
1027,4.4862,6.6721,6.7293,,
1028,4.4941,6.6794,6.74115,,
1029,4.4984,6.688,6.7476,,
1030,4.5039,6.6953,6.75585,,
1031,4.5087,6.7033,6.76305,,
1032,4.5173,6.7113,6.77595,,
1033,4.5252,6.7201,6.7878,,
1034,4.5289,6.7272,6.79335,,
1035,4.5332,6.7364,6.7998,,
1036,4.5411,6.7447,6.81165,,
1037,4.546,6.7526,6.819,,
1038,4.5545,6.7613,6.83175,,
1039,4.5576,6.7684,6.8364,,
1040,4.5637,6.7773,6.84555,,
1041,4.571,6.7876,6.8565,,
1042,4.5759,6.7944,6.86385,,
1043,4.5832,6.805,6.8748,,
1044,4.5875,6.8105,6.88125,,
1045,4.5942,6.8214,6.8913,,
1046,4.6003,6.8291,6.90045,,
1047,4.6076,6.8374,6.9114,,
1048,4.6119,6.8472,6.91785,,
1049,4.6174,6.8541,6.9261,,
1050,4.6247,6.8625,6.93705,,
1051,4.6302,6.8698,6.9453,,
1052,4.6363,6.8798,6.95445,,
1053,4.6418,6.887,6.9627,,
1054,4.6479,6.8952,6.97185,,
1055,4.6552,6.9024,6.9828,,
1056,4.6607,6.9089,6.99105,,
1057,4.6662,6.9177,6.9993,,
1058,4.6723,6.9246,7.00845,,
1059,4.6772,6.9325,7.0158,,
1060,4.6864,6.9392,7.0296,,
1061,4.6925,6.9456,7.03875,,
1062,4.6967,6.9549,7.04505,,
1063,4.7028,6.9616,7.0542,,
1064,4.7083,6.9698,7.06245,,
1065,4.7126,6.9756,7.0689,,
1066,4.7193,6.9837,7.07895,,
1067,4.7272,6.9912,7.0908,,
1068,4.7327,6.9998,7.09905,,
1069,4.7401,7.0067,7.11015,,
1070,4.7468,7.0162,7.1202,,
1071,4.7523,7.0221,7.12845,,
1072,4.7572,7.0303,7.1358,,
1073,4.7633,7.0394,7.14495,,
1074,4.7706,7.047,7.1559,,
1075,4.7742,7.0565,7.1613,,
1076,4.7803,7.0638,7.17045,,
1077,4.7877,7.073,7.18155,,
1078,4.7932,7.0797,7.1898,,
1079,4.7999,7.0881,7.19985,,
1080,4.8066,7.0978,7.2099,,
1081,4.8109,7.1055,7.21635,,
1082,4.817,7.1151,7.2255,,
1083,4.8225,7.1212,7.23375,,
1084,4.8273,7.1325,7.24095,,
1085,4.8353,7.1391,7.25295,,
1086,4.8402,7.1477,7.2603,,
1087,4.8469,7.1574,7.27035,,
1088,4.853,7.164,7.2795,,
1089,4.8579,7.1742,7.28685,,
1090,4.8621,7.1807,7.29315,,
1091,4.8713,7.19,7.30695,,
1092,4.878,7.1974,7.317,,
1093,4.8823,7.2052,7.32345,,
1094,4.889,7.2136,7.3335,,
1095,4.8957,7.2199,7.34355,,
1096,4.9018,7.2291,7.3527,,
1097,4.9055,7.2353,7.35825,,
1098,4.9122,7.2427,7.3683,,
1099,4.9189,7.251,7.37835,,
1100,4.925,7.2562,7.3875,,
1101,4.9293,7.2652,7.39395,,
1102,4.9366,7.2724,7.4049,,
1103,4.9433,7.2784,7.41495,,
1104,4.9482,7.2866,7.4223,,
1105,4.9531,7.2946,7.42965,,
1106,4.961,7.3016,7.4415,,
1107,4.9659,7.309,7.44885,,
1108,4.972,7.3163,7.458,,
1109,4.9769,7.3251,7.46535,,
1110,4.9818,7.3322,7.4727,,
1111,4.9897,7.3401,7.48455,,
1112,4.997,7.3478,7.4955,,
1113,5.0007,7.3571,7.50105,,
1114,5.0074,7.3644,7.5111,,
1115,5.0129,7.3744,7.51935,,
1116,5.0208,7.3801,7.5312,,
1117,5.0275,7.3894,7.54125,,
1118,5.033,7.3973,7.5495,,
1119,5.0391,7.4066,7.55865,,
1120,5.0452,7.4137,7.5678,,
1121,5.0489,7.4226,7.57335,,
1122,5.055,7.4317,7.5825,,
1123,5.0611,7.4381,7.59165,,
1124,5.0666,7.4497,7.5999,,
1125,5.0727,7.4557,7.60905,,
1126,5.0788,7.4648,7.6182,,
1127,5.0855,7.4731,7.62825,,
1128,5.0916,7.4815,7.6374,,
1129,5.0959,7.4905,7.64385,,
1130,5.1026,7.4978,7.6539,,
1131,5.1087,7.5059,7.66305,,
1132,5.1167,7.5142,7.67505,,
1133,5.1215,7.5214,7.68225,,
1134,5.1264,7.5293,7.6896,,
1135,5.1319,7.5376,7.69785,,
1136,5.1392,7.5439,7.7088,,
1137,5.1447,7.5513,7.71705,,
1138,5.1527,7.5594,7.72905,,
1139,5.1569,7.5661,7.73535,,
1140,5.1618,7.5737,7.7427,,
1141,5.1698,7.581,7.7547,,
1142,5.1759,7.5873,7.76385,,
1143,5.1795,7.5951,7.76925,,
1144,5.1844,7.6021,7.7766,,
1145,5.1917,7.6093,7.78755,,
1146,5.1966,7.6174,7.7949,,
1147,5.2027,7.6256,7.80405,,
1148,5.21,7.6333,7.815,,
1149,5.2174,7.6402,7.8261,,
1150,5.2229,7.6477,7.83435,,
1151,5.2259,7.6548,7.83885,,
1152,5.2332,7.664,7.8498,,
1153,5.2387,7.6714,7.85805,,
1154,5.2454,7.6799,7.8681,,
1155,5.2515,7.6874,7.87725,,
1156,5.2583,7.6967,7.88745,,
1157,5.2619,7.7041,7.89285,,
1158,5.2705,7.7132,7.90575,,
1159,5.276,7.7206,7.914,,
1160,5.2796,7.7292,7.9194,,
1161,5.2857,7.7361,7.92855,,
1162,5.2918,7.7468,7.9377,,
1163,5.2979,7.7526,7.94685,,
1164,5.304,7.7627,7.956,,
1165,5.3132,7.7715,7.9698,,
1166,5.3175,7.7788,7.97625,,
1167,5.3223,7.7882,7.98345,,
1168,5.3278,7.795,7.9917,,
1169,5.3321,7.8041,7.99815,,
1170,5.3394,7.8129,8.0091,,
1171,5.3455,7.8193,8.01825,,
1172,5.3523,7.829,8.02845,,
1173,5.3565,7.8368,8.03475,,
1174,5.362,7.843,8.043,,
1175,5.3687,7.8518,8.05305,,
1176,5.3748,7.8575,8.0622,,
1177,5.3816,7.8663,8.0724,,
1178,5.3858,7.8737,8.0787,,
1179,5.395,7.8805,8.0925,,
1180,5.3993,7.888,8.09895,,
1181,5.4041,7.8948,8.10615,,
1182,5.4096,7.9012,8.1144,,
1183,5.4176,7.91,8.1264,,
1184,5.4224,7.9179,8.1336,,
1185,5.4273,7.9226,8.14095,,
1186,5.4334,7.933,8.1501,,
1187,5.4401,7.9372,8.16015,,
1188,5.4444,7.9473,8.1666,,
1189,5.4524,7.9535,8.1786,,
1190,5.456,7.9613,8.184,,
1191,5.4633,7.9723,8.19495,,
1192,5.4682,7.9744,8.2023,,
1193,5.4743,7.9894,8.21145,,
1194,5.4804,7.9906,8.2206,,
1195,5.4853,8.0027,8.22795,,
1196,5.492,8.0097,8.238,,
1197,5.4994,8.0158,8.2491,,
1198,5.5036,8.0287,8.2554,,
1199,5.5103,8.0324,8.26545,,
1200,5.514,8.0433,8.271,,
1201,5.5225,8.0515,8.28375,,
1202,5.5274,8.058,8.2911,,
1203,5.5348,8.0674,8.3022,,
1204,5.5384,8.0751,8.3076,,
1205,5.5463,8.0842,8.31945,,
1206,5.55,8.0927,8.325,,
1207,5.5586,8.1007,8.3379,,
1208,5.5628,8.1091,8.3442,,
1209,5.5677,8.116,8.35155,,
1210,5.575,8.124,8.3625,,
1211,5.5805,8.1334,8.37075,,
1212,5.5866,8.1397,8.3799,,
1213,5.5915,8.1474,8.38725,,
1214,5.5982,8.1572,8.3973,,
1215,5.6037,8.1608,8.40555,,
1216,5.6098,8.1755,8.4147,,
1217,5.6159,8.1743,8.42385,,
1218,5.6202,8.1864,8.4303,,
1219,5.6281,8.1923,8.44215,,
1220,5.6324,8.1974,8.4486,,
1221,5.641,8.21,8.4615,,
1222,5.644,8.2104,8.466,,
1223,5.6501,8.2232,8.47515,,
1224,5.6556,8.227,8.4834,,
1225,5.6635,8.2333,8.49525,,
1226,5.6666,8.2438,8.4999,,
1227,5.6727,8.2489,8.50905,,
1228,5.6806,8.2567,8.5209,,
1229,5.6855,8.2646,8.52825,,
1230,5.6916,8.2707,8.5374,,
1231,5.6977,8.2807,8.54655,,
1232,5.7038,8.2859,8.5557,,
1233,5.7093,8.2954,8.56395,,
1234,5.7154,8.303,8.5731,,
1235,5.7197,8.3086,8.57955,,
1236,5.7252,8.3199,8.5878,,
1237,5.7313,8.3275,8.59695,,
1238,5.7368,8.3307,8.6052,,
1239,5.7429,8.3471,8.61435,,
1240,5.7508,8.3476,8.6262,,
1241,5.7527,8.3592,8.62905,,
1242,5.7624,8.3677,8.6436,,
1243,5.7642,8.3723,8.6463,,
1244,5.7728,8.3882,8.6592,,
1245,5.7795,8.3855,8.66925,,
1246,5.7838,8.4041,8.6757,,
1247,5.7917,8.4047,8.68755,,
1248,5.7948,8.4173,8.6922,,
1249,5.8033,8.4266,8.70495,,
1250,5.8058,8.4281,8.7087,,
1251,5.8149,8.4434,8.72235,,
1252,5.8198,8.4448,8.7297,,
1253,5.8241,8.4586,8.73615,,
1254,5.8326,8.4645,8.7489,,
1255,5.8363,8.4669,8.75445,,
1256,5.8448,8.4838,8.7672,,
1257,5.8485,8.4823,8.77275,,
1258,5.854,8.4941,8.781,,
1259,5.8601,8.5034,8.79015,,
1260,5.8637,8.5045,8.79555,,
1261,5.8711,8.5186,8.80665,,
1262,5.8784,8.5198,8.8176,,
1263,5.8833,8.5309,8.82495,,
1264,5.8894,8.5371,8.8341,,
1265,5.8936,8.5414,8.8404,,
1266,5.8991,8.5536,8.84865,,
1267,5.904,8.5559,8.856,,
1268,5.9107,8.5664,8.86605,,
1269,5.9181,8.5728,8.87715,,
1270,5.926,8.5802,8.889,,
1271,5.929,8.588,8.8935,,
1272,5.9345,8.594,8.90175,,
1273,5.9425,8.6045,8.91375,,
1274,5.9449,8.608,8.91735,,
1275,5.9516,8.6189,8.9274,,
1276,5.9577,8.6273,8.93655,,
1277,5.9651,8.6309,8.94765,,
1278,5.9693,8.6449,8.95395,,
1279,5.9754,8.6467,8.9631,,
1280,5.9797,8.6582,8.96955,,
1281,5.9883,8.6668,8.98245,,
1282,5.9937,8.6706,8.99055,,
1283,5.9974,8.6844,8.9961,,
1284,6.0053,8.6875,9.00795,,
1285,6.0108,8.6984,9.0162,,
1286,6.0163,8.7077,9.02445,,
1287,6.0218,8.7113,9.0327,,
1288,6.0255,8.7262,9.03825,,
1289,6.034,8.7267,9.051,,
1290,6.0395,8.7392,9.05925,,
1291,6.0444,8.7482,9.0666,,
1292,6.0493,8.7518,9.07395,,
1293,6.0554,8.7666,9.0831,,
1294,6.0621,8.7666,9.09315,,
1295,6.067,8.7798,9.1005,,
1296,6.0749,8.7855,9.11235,,
1297,6.0798,8.791,9.1197,,
1298,6.0841,8.804,9.12615,,
1299,6.0926,8.8042,9.1389,,
1300,6.0951,8.8157,9.14265,,
1301,6.0999,8.8214,9.14985,,
1302,6.1061,8.826,9.15915,,
1303,6.114,8.8379,9.171,,
1304,6.1219,8.8404,9.18285,,
1305,6.1238,8.8511,9.1857,,
1306,6.1305,8.8571,9.19575,,
1307,6.136,8.8617,9.204,,
1308,6.1402,8.8718,9.2103,,
1309,6.1482,8.8749,9.2223,,
1310,6.1537,8.887,9.23055,,
1311,6.1604,8.8906,9.2406,,
1312,6.164,8.8998,9.246,,
1313,6.1701,8.9073,9.25515,,
1314,6.1769,8.9131,9.26535,,
1315,6.1811,8.9219,9.27165,,
1316,6.186,8.9285,9.279,,
1317,6.1939,8.9371,9.29085,,
1318,6.1982,8.9435,9.2973,,
1319,6.2025,8.9531,9.30375,,
1320,6.211,8.9602,9.3165,,
1321,6.2153,8.9679,9.32295,,
1322,6.222,8.9758,9.333,,
1323,6.2269,8.9827,9.34035,,
1324,6.2318,8.9904,9.3477,,
1325,6.2379,8.9996,9.35685,,
1326,6.2428,9.0068,9.3642,,
1327,6.2489,9.0164,9.37335,,
1328,6.2544,9.021,9.3816,,
1329,6.2605,9.0329,9.39075,,
1330,6.2666,9.0396,9.3999,,
1331,6.2721,9.047,9.40815,,
1332,6.2776,9.0572,9.4164,,
1333,6.2837,9.0621,9.42555,,
1334,6.2898,9.0716,9.4347,,
1335,6.2947,9.0775,9.44205,,
1336,6.3008,9.087,9.4512,,
1337,6.305,9.0944,9.4575,,
1338,6.3105,9.101,9.46575,,
1339,6.316,9.1099,9.474,,
1340,6.3233,9.1156,9.48495,,
1341,6.3276,9.1207,9.4914,,
1342,6.3337,9.1305,9.50055,,
1343,6.3404,9.1358,9.5106,,
1344,6.3435,9.1447,9.51525,,
1345,6.3514,9.1509,9.5271,,
1346,6.3551,9.1575,9.53265,,
1347,6.3636,9.1657,9.5454,,
1348,6.3691,9.1689,9.55365,,
1349,6.3734,9.1806,9.5601,,
1350,6.3795,9.1832,9.56925,,
1351,6.385,9.1929,9.5775,,
1352,6.3905,9.2014,9.58575,,
1353,6.3954,9.2046,9.5931,,
1354,6.4015,9.2171,9.60225,,
1355,6.407,9.2189,9.6105,,
1356,6.4106,9.2291,9.6159,,
1357,6.4173,9.2363,9.62595,,
1358,6.4222,9.2437,9.6333,,
1359,6.4289,9.2521,9.64335,,
1360,6.4344,9.2574,9.6516,,
1361,6.4411,9.2685,9.66165,,
1362,6.4479,9.2734,9.67185,,
1363,6.4521,9.2822,9.67815,,
1364,6.4576,9.2909,9.6864,,
1365,6.4625,9.2955,9.69375,,
1366,6.4698,9.3062,9.7047,,
1367,6.4735,9.3114,9.71025,,
1368,6.479,9.3228,9.7185,,
1369,6.4845,9.3302,9.72675,,
1370,6.4924,9.336,9.7386,,
1371,6.4973,9.3456,9.74595,,
1372,6.5034,9.3531,9.7551,,
1373,6.5089,9.3608,9.76335,,
1374,6.5144,9.3696,9.7716,,
1375,6.5205,9.3755,9.78075,,
1376,6.5254,9.3848,9.7881,,
1377,6.5296,9.3916,9.7944,,
1378,6.5351,9.4006,9.80265,,
1379,6.5412,9.4081,9.8118,,
1380,6.5498,9.415,9.8247,,
1381,6.5528,9.4235,9.8292,,
1382,6.5577,9.4271,9.83655,,
1383,6.5626,9.4375,9.8439,,
1384,6.5693,9.4428,9.85395,,
1385,6.5736,9.4498,9.8604,,
1386,6.5827,9.4571,9.87405,,
1387,6.5858,9.464,9.8787,,
1388,6.5925,9.4727,9.88875,,
1389,6.598,9.4765,9.897,,
1390,6.6023,9.4842,9.90345,,
1391,6.6102,9.4911,9.9153,,
1392,6.6151,9.4972,9.92265,,
1393,6.6194,9.5041,9.9291,,
1394,6.6255,9.5138,9.93825,,
1395,6.6316,9.5172,9.9474,,
1396,6.6365,9.5284,9.95475,,
1397,6.6438,9.5323,9.9657,,
1398,6.6487,9.5386,9.97305,,
1399,6.6529,9.5499,9.97935,,
1400,6.659,9.5529,9.9885,,
1401,6.6645,9.5648,9.99675,,
1402,6.6688,9.568,10.0032,,
1403,6.6749,9.579,10.01235,,
1404,6.6822,9.5856,10.0233,,
1405,6.6853,9.5915,10.02795,,
1406,6.6938,9.602,10.0407,,
1407,6.6975,9.6072,10.04625,,
1408,6.703,9.6149,10.0545,,
1409,6.7079,9.6238,10.06185,,
1410,6.7134,9.631,10.0701,,
1411,6.7182,9.6395,10.0773,,
1412,6.7262,9.6468,10.0893,,
1413,6.7298,9.6559,10.0947,,
1414,6.7372,9.6631,10.1058,,
1415,6.7408,9.6706,10.1112,,
1416,6.7488,9.6798,10.1232,,
1417,6.7536,9.6848,10.1304,,
1418,6.7579,9.6941,10.13685,,
1419,6.7659,9.7024,10.14885,,
1420,6.7677,9.7092,10.15155,,
1421,6.775,9.7177,10.1625,,
1422,6.7805,9.7227,10.17075,,
1423,6.7854,9.7328,10.1781,,
1424,6.7927,9.739,10.18905,,
1425,6.7964,9.7457,10.1946,,
1426,6.8037,9.7526,10.20555,,
1427,6.8086,9.759,10.2129,,
1428,6.8135,9.7672,10.22025,,
1429,6.8183,9.7733,10.22745,,
1430,6.8251,9.7789,10.23765,,
1431,6.8312,9.7879,10.2468,,
1432,6.8354,9.793,10.2531,,
1433,6.8421,9.8008,10.26315,,
1434,6.8464,9.8061,10.2696,,
1435,6.8519,9.8133,10.27785,,
1436,6.8568,9.8201,10.2852,,
1437,6.8611,9.8271,10.29165,,
1438,6.8702,9.8362,10.3053,,
1439,6.8739,9.8393,10.31085,,
1440,6.8794,9.8487,10.3191,,
1441,6.8849,9.8558,10.32735,,
1442,6.8879,9.8628,10.33185,,
1443,6.8934,9.8708,10.3401,,
1444,6.9007,9.8749,10.35105,,
1445,6.9081,9.8879,10.36215,,
1446,6.9136,9.8891,10.3704,,
1447,6.9178,9.9008,10.3767,,
1448,6.9233,9.909,10.38495,,
1449,6.9288,9.9112,10.3932,,
1450,6.9343,9.9263,10.40145,,
1451,6.9404,9.9263,10.4106,,
1452,6.9435,9.9416,10.41525,,
1453,6.952,9.9435,10.428,,
1454,6.9563,9.9541,10.43445,,
1455,6.9618,9.9631,10.4427,,
1456,6.9691,9.9648,10.45365,,
1457,6.9715,9.9796,10.45725,,
1458,6.9783,9.9826,10.46745,,
1459,6.9837,9.9921,10.47555,,
1460,6.9905,9.9997,10.48575,,
1461,6.9941,10.0082,10.49115,,
1462,6.9996,10.0149,10.4994,,
1463,7.0063,10.0235,10.50945,,
1464,7.0106,10.0301,10.5159,,
1465,7.0155,10.0361,10.52325,,
1466,7.0222,10.0447,10.5333,,
1467,7.0289,10.0515,10.54335,,
1468,7.0332,10.0593,10.5498,,
1469,7.0393,10.0667,10.55895,,
1470,7.0436,10.0716,10.5654,,
1471,7.0491,10.0792,10.57365,,
1472,7.0552,10.0853,10.5828,,
1473,7.0594,10.0938,10.5891,,
1474,7.0649,10.0993,10.59735,,
1475,7.0704,10.1054,10.6056,,
1476,7.0753,10.1126,10.61295,,
1477,7.0832,10.118,10.6248,,
1478,7.0875,10.1271,10.63125,,
1479,7.093,10.1315,10.6395,,
1480,7.0979,10.14,10.64685,,
1481,7.104,10.1456,10.656,,
1482,7.1101,10.1512,10.66515,,
1483,7.1144,10.1618,10.6716,,
1484,7.118,10.1642,10.677,,
1485,7.1266,10.175,10.6899,,
1486,7.1315,10.1805,10.69725,,
1487,7.1357,10.1883,10.70355,,
1488,7.1437,10.1966,10.71555,,
1489,7.1467,10.2008,10.72005,,
1490,7.1516,10.2113,10.7274,,
1491,7.1571,10.2162,10.73565,,
1492,7.1626,10.2249,10.7439,,
1493,7.1693,10.2348,10.75395,,
1494,7.1742,10.2373,10.7613,,
1495,7.1785,10.2493,10.76775,,
1496,7.1852,10.2543,10.7778,,
1497,7.1901,10.2624,10.78515,,
1498,7.1955,10.2708,10.79325,,
1499,7.2016,10.278,10.8024,,
1500,7.2065,10.2849,10.80975,,
1501,7.2114,10.2937,10.8171,,
1502,7.2163,10.3014,10.82445,,
1503,7.2218,10.3101,10.8327,,
1504,7.2279,10.3145,10.84185,,
1505,7.2316,10.3254,10.8474,,
1506,7.2401,10.3309,10.86015,,
1507,7.2432,10.3373,10.8648,,
1508,7.2493,10.3488,10.87395,,
1509,7.2541,10.3508,10.88115,,
1510,7.2609,10.3631,10.89135,,
1511,7.2663,10.3669,10.89945,,
1512,7.2706,10.3743,10.9059,,
1513,7.2761,10.384,10.91415,,
1514,7.2804,10.3844,10.9206,,
1515,7.2847,10.3975,10.92705,,
1516,7.2932,10.3999,10.9398,,
1517,7.2956,10.4089,10.9434,,
1518,7.3054,10.4156,10.9581,,
1519,7.3085,10.4203,10.96275,,
1520,7.3152,10.4292,10.9728,,
1521,7.3194,10.433,10.9791,,
1522,7.3225,10.4416,10.98375,,
1523,7.3286,10.4479,10.9929,,
1524,7.3347,10.4529,11.00205,,
1525,7.339,10.4615,11.0085,,
1526,7.3439,10.4658,11.01585,,
1527,7.3512,10.4755,11.0268,,
1528,7.3579,10.4813,11.03685,,
1529,7.3628,10.4876,11.0442,,
1530,7.3701,10.4959,11.05515,,
1531,7.3719,10.5002,11.05785,,
1532,7.378,10.511,11.067,,
1533,7.3835,10.5152,11.07525,,
1534,7.3878,10.5243,11.0817,,
1535,7.3933,10.5325,11.08995,,
1536,7.3976,10.5375,11.0964,,
1537,7.4049,10.5461,11.10735,,
1538,7.4098,10.5523,11.1147,,
1539,7.4147,10.561,11.12205,,
1540,7.4189,10.5682,11.12835,,
1541,7.4244,10.5748,11.1366,,
1542,7.4305,10.5836,11.14575,,
1543,7.4366,10.5902,11.1549,,
1544,7.4421,10.5993,11.16315,,
1545,7.447,10.606,11.1705,,
1546,7.4537,10.6145,11.18055,,
1547,7.4586,10.6206,11.1879,,
1548,7.4629,10.6284,11.19435,,
1549,7.4696,10.6355,11.2044,,
1550,7.4726,10.6447,11.2089,,
1551,7.4781,10.6506,11.21715,,
1552,7.4842,10.6575,11.2263,,
1553,7.4891,10.6662,11.23365,,
1554,7.4946,10.6724,11.2419,,
1555,7.5007,10.6806,11.25105,,
1556,7.5026,10.6859,11.2539,,
1557,7.5105,10.6948,11.26575,,
1558,7.516,10.6989,11.274,,
1559,7.5215,10.7061,11.28225,,
1560,7.5264,10.7143,11.2896,,
1561,7.5306,10.719,11.2959,,
1562,7.5386,10.7278,11.3079,,
1563,7.5428,10.7305,11.3142,,
1564,7.5453,10.7415,11.31795,,
1565,7.5526,10.7441,11.3289,,
1566,7.5575,10.7525,11.33625,,
1567,7.5654,10.7589,11.3481,,
1568,7.5691,10.7648,11.35365,,
1569,7.574,10.7731,11.361,,
1570,7.5795,10.7776,11.36925,,
1571,7.5874,10.7856,11.3811,,
1572,7.5911,10.792,11.38665,,
1573,7.5947,10.7975,11.39205,,
1574,7.6014,10.806,11.4021,,
1575,7.6045,10.8113,11.40675,,
1576,7.6081,10.8215,11.41215,,
1577,7.6155,10.825,11.42325,,
1578,7.6222,10.8342,11.4333,,
1579,7.6301,10.842,11.44515,,
1580,7.6326,10.8464,11.4489,,
1581,7.6374,10.8568,11.4561,,
1582,7.6423,10.8603,11.46345,,
1583,7.6466,10.8714,11.4699,,
1584,7.6545,10.8769,11.48175,,
1585,7.657,10.8844,11.4855,,
1586,7.6667,10.8942,11.50005,,
1587,7.6698,10.8986,11.5047,,
1588,7.6747,10.908,11.51205,,
1589,7.6808,10.9134,11.5212,,
1590,7.6844,10.9214,11.5266,,
1591,7.6899,10.9305,11.53485,,
1592,7.6942,10.9362,11.5413,,
1593,7.7015,10.9452,11.55225,,
1594,7.7052,10.9521,11.5578,,
1595,7.7107,10.9591,11.56605,,
1596,7.7162,10.9671,11.5743,,
1597,7.7211,10.9729,11.58165,,
1598,7.7259,10.9809,11.58885,,
1599,7.7327,10.9881,11.59905,,
1600,7.7388,10.9936,11.6082,,
1601,7.7412,11.0029,11.6118,,
1602,7.7473,11.0083,11.62095,,
1603,7.7522,11.0152,11.6283,,
1604,7.7583,11.0218,11.63745,,
1605,7.7632,11.0278,11.6448,,
1606,7.7675,11.0356,11.65125,,
1607,7.7748,11.0393,11.6622,,
1608,7.7778,11.0471,11.6667,,
1609,7.7852,11.0553,11.6778,,
1610,7.7888,11.0576,11.6832,,
1611,7.7937,11.0696,11.69055,,
1612,7.801,11.0714,11.7015,,
1613,7.8053,11.0802,11.70795,,
1614,7.8114,11.0858,11.7171,,
1615,7.8163,11.0902,11.72445,,
1616,7.8206,11.1011,11.7309,,
1617,7.8248,11.1035,11.7372,,
1618,7.8315,11.1133,11.74725,,
1619,7.8376,11.1195,11.7564,,
1620,7.8425,11.1244,11.76375,,
1621,7.848,11.1347,11.772,,
1622,7.8529,11.1384,11.77935,,
1623,7.856,11.1472,11.784,,
1624,7.8633,11.1529,11.79495,,
1625,7.8669,11.1613,11.80035,,
1626,7.873,11.168,11.8095,,
1627,7.8785,11.1741,11.81775,,
1628,7.8834,11.1839,11.8251,,
1629,7.892,11.1885,11.838,,
1630,7.895,11.1974,11.8425,,
1631,7.8993,11.205,11.84895,,
1632,7.9042,11.2106,11.8563,,
1633,7.9097,11.22,11.86455,,
1634,7.9152,11.225,11.8728,,
1635,7.9188,11.2338,11.8782,,
1636,7.9274,11.2417,11.8911,,
1637,7.931,11.2479,11.8965,,
1638,7.9359,11.2566,11.90385,,
1639,7.9402,11.2622,11.9103,,
1640,7.9457,11.2697,11.91855,,
1641,7.9506,11.2788,11.9259,,
1642,7.9561,11.2834,11.93415,,
1643,7.9615,11.2928,11.94225,,
1644,7.9683,11.2995,11.95245,,
1645,7.9725,11.3037,11.95875,,
1646,7.978,11.3145,11.967,,
1647,7.9829,11.3188,11.97435,,
1648,7.9878,11.3258,11.9817,,
1649,7.9921,11.3328,11.98815,,
1650,7.9969,11.3387,11.99535,,
1651,8.0031,11.3455,12.00465,,
1652,8.0079,11.3508,12.01185,,
1653,8.0134,11.3593,12.0201,,
1654,8.0195,11.364,12.02925,,
1655,8.0232,11.3702,12.0348,,
1656,8.0293,11.3801,12.04395,,
1657,8.0323,11.3793,12.04845,,
1658,8.0397,11.3928,12.05955,,
1659,8.0452,11.3942,12.0678,,
1660,8.0476,11.4019,12.0714,,
1661,8.0549,11.4106,12.08235,,
1662,8.061,11.413,12.0915,,
1663,8.0659,11.4237,12.09885,,
1664,8.069,11.4268,12.1035,,
1665,8.0739,11.4355,12.11085,,
1666,8.0806,11.4412,12.1209,,
1667,8.0848,11.4501,12.1272,,
1668,8.0922,11.4557,12.1383,,
1669,8.0958,11.4611,12.1437,,
1670,8.1025,11.4718,12.15375,,
1671,8.1062,11.473,12.1593,,
1672,8.1105,11.4856,12.16575,,
1673,8.1166,11.4903,12.1749,,
1674,8.1209,11.4968,12.18135,,
1675,8.1276,11.5063,12.1914,,
1676,8.1312,11.5102,12.1968,,
1677,8.1386,11.52,12.2079,,
1678,8.1428,11.5259,12.2142,,
1679,8.1465,11.5347,12.21975,,
1680,8.1526,11.5403,12.2289,,
1681,8.1563,11.5469,12.23445,,
1682,8.163,11.5583,12.2445,,
1683,8.1672,11.5612,12.2508,,
1684,8.1733,11.5707,12.25995,,
1685,8.1782,11.5772,12.2673,,
1686,8.1825,11.5841,12.27375,,
1687,8.1892,11.5921,12.2838,,
1688,8.1929,11.597,12.28935,,
1689,8.1978,11.6077,12.2967,,
1690,8.2026,11.6121,12.3039,,
1691,8.2081,11.6207,12.31215,,
1692,8.2142,11.6265,12.3213,,
1693,8.2197,11.6322,12.32955,,
1694,8.2252,11.6409,12.3378,,
1695,8.2301,11.6464,12.34515,,
1696,8.235,11.6531,12.3525,,
1697,8.2374,11.6581,12.3561,,
1698,8.2429,11.6663,12.36435,,
1699,8.2484,11.6708,12.3726,,
1700,8.2533,11.6773,12.37995,,
1701,8.26,11.6853,12.39,,
1702,8.2631,11.6901,12.39465,,
1703,8.2698,11.698,12.4047,,
1704,8.2753,11.7018,12.41295,,
1705,8.2808,11.7091,12.4212,,
1706,8.2844,11.7146,12.4266,,
1707,8.2899,11.7222,12.43485,,
1708,8.2936,11.728,12.4404,,
1709,8.3015,11.7349,12.45225,,
1710,8.3052,11.7401,12.4578,,
1711,8.3101,11.7466,12.46515,,
1712,8.3168,11.7555,12.4752,,
1713,8.3204,11.7604,12.4806,,
1714,8.3259,11.7674,12.48885,,
1715,8.3326,11.7748,12.4989,,
1716,8.3375,11.7795,12.50625,,
1717,8.34,11.7903,12.51,,
1718,8.3473,11.7944,12.52095,,
1719,8.3503,11.8021,12.52545,,
1720,8.3552,11.81,12.5328,,
1721,8.3607,11.8144,12.54105,,
1722,8.3656,11.8234,12.5484,,
1723,8.3705,11.8297,12.55575,,
1724,8.3772,11.8394,12.5658,,
1725,8.3833,11.8446,12.57495,,
1726,8.3888,11.8528,12.5832,,
1727,8.3931,11.8566,12.58965,,
1728,8.3973,11.8689,12.59595,,
1729,8.4047,11.8724,12.60705,,
1730,8.4059,11.8826,12.60885,,
1731,8.4138,11.8888,12.6207,,
1732,8.4193,11.891,12.62895,,
1733,8.4236,11.9057,12.6354,,
1734,8.426,11.9075,12.639,,
1735,8.4321,11.917,12.64815,,
1736,8.4401,11.9244,12.66015,,
1737,8.4419,11.9283,12.66285,,
1738,8.448,11.9383,12.672,,
1739,8.4529,11.9418,12.67935,,
1740,8.4559,11.9513,12.68385,,
1741,8.4633,11.9567,12.69495,,
1742,8.4669,11.9613,12.70035,,
1743,8.4736,11.9722,12.7104,,
1744,8.4797,11.9733,12.71955,,
1745,8.4816,11.9834,12.7224,,
1746,8.4901,11.9876,12.73515,,
1747,8.4926,11.9924,12.7389,,
1748,8.4993,12.0011,12.74895,,
1749,8.5017,12.0047,12.75255,,
1750,8.5109,12.0143,12.76635,,
1751,8.5127,12.0173,12.76905,,
1752,8.5194,12.0242,12.7791,,
1753,8.5219,12.0305,12.78285,,
1754,8.528,12.036,12.792,,
1755,8.5335,12.0421,12.80025,,
1756,8.5389,12.0521,12.80835,,
1757,8.5438,12.0528,12.8157,,
1758,8.5463,12.0628,12.81945,,
1759,8.5554,12.0692,12.8331,,
1760,8.5579,12.0735,12.83685,,
1761,8.5634,12.0841,12.8451,,
1762,8.567,12.0842,12.8505,,
1763,8.5725,12.0967,12.85875,,
1764,8.5786,12.0983,12.8679,,
1765,8.5829,12.107,12.87435,,
1766,8.5878,12.1165,12.8817,,
1767,8.5921,12.1179,12.88815,,
1768,8.5969,12.1298,12.89535,,
1769,8.6036,12.1332,12.9054,,
1770,8.6061,12.141,12.90915,,
1771,8.6128,12.1491,12.9192,,
1772,8.6165,12.1527,12.92475,,
1773,8.6213,12.163,12.93195,,
1774,8.6287,12.1688,12.94305,,
1775,8.6305,12.1754,12.94575,,
1776,8.6354,12.1842,12.9531,,
1777,8.6415,12.1891,12.96225,,
1778,8.647,12.1975,12.9705,,
1779,8.6519,12.2044,12.97785,,
1780,8.6549,12.2085,12.98235,,
1781,8.6604,12.2197,12.9906,,
1782,8.6671,12.2239,13.00065,,
1783,8.6708,12.2318,13.0062,,
1784,8.6775,12.237,13.01625,,
1785,8.6806,12.2452,13.0209,,
1786,8.6873,12.2519,13.03095,,
1787,8.6909,12.2572,13.03635,,
1788,8.6952,12.2649,13.0428,,
1789,8.7001,12.2692,13.05015,,
1790,8.7037,12.2772,13.05555,,
1791,8.7111,12.2834,13.06665,,
1792,8.7147,12.2895,13.07205,,
1793,8.7184,12.295,13.0776,,
1794,8.7233,12.3018,13.08495,,
1795,8.7312,12.3057,13.0968,,
1796,8.7361,12.3135,13.10415,,
1797,8.7391,12.3191,13.10865,,
1798,8.7453,12.3251,13.11795,,
1799,8.7495,12.3315,13.12425,,
1800,8.7526,12.3361,13.1289,,
1801,8.7623,12.3442,13.14345,,
1802,8.7636,12.3476,13.1454,,
1803,8.7703,12.3565,13.15545,,
1804,8.7739,12.36,13.16085,,
1805,8.7807,12.3669,13.17105,,
1806,8.7831,12.3726,13.17465,,
1807,8.7892,12.38,13.1838,,
1808,8.7929,12.3865,13.18935,,
1809,8.7984,12.3928,13.1976,,
1810,8.8038,12.3986,13.2057,,
1811,8.8075,12.4067,13.21125,,
1812,8.813,12.4115,13.2195,,
1813,8.8179,12.4183,13.22685,,
1814,8.8234,12.4259,13.2351,,
1815,8.8276,12.4298,13.2414,,
1816,8.8307,12.4401,13.24605,,
1817,8.8362,12.4453,13.2543,,
1818,8.8423,12.4526,13.26345,,
1819,8.8472,12.4597,13.2708,,
1820,8.8515,12.4657,13.27725,,
1821,8.8563,12.4718,13.28445,,
1822,8.8618,12.4806,13.2927,,
1823,8.8667,12.4862,13.30005,,
1824,8.8716,12.4937,13.3074,,
1825,8.8771,12.5,13.31565,,
1826,8.8795,12.5067,13.31925,,
1827,8.8881,12.5157,13.33215,,
1828,8.8905,12.5197,13.33575,,
1829,8.896,12.5294,13.344,,
1830,8.9009,12.5348,13.35135,,
1831,8.9039,12.5393,13.35585,,
1832,8.9119,12.5501,13.36785,,
1833,8.9155,12.5535,13.37325,,
1834,8.9198,12.5613,13.3797,,
1835,8.9235,12.5683,13.38525,,
1836,8.9308,12.5741,13.3962,,
1837,8.9345,12.5819,13.40175,,
1838,8.9381,12.5847,13.40715,,
1839,8.9448,12.5954,13.4172,,
1840,8.9503,12.5967,13.42545,,
1841,8.9528,12.6058,13.4292,,
1842,8.9595,12.6112,13.43925,,
1843,8.9613,12.6154,13.44195,,
1844,8.9693,12.6249,13.45395,,
1845,8.9729,12.6269,13.45935,,
1846,8.976,12.637,13.464,,
1847,8.9839,12.6391,13.47585,,
1848,8.9882,12.6449,13.4823,,
1849,8.9931,12.6533,13.48965,,
1850,8.9967,12.6558,13.49505,,
1851,9.0022,12.6646,13.5033,,
1852,9.0071,12.6704,13.51065,,
1853,9.0095,12.6743,13.51425,,
1854,9.0187,12.6814,13.52805,,
1855,9.0211,12.6872,13.53165,,
1856,9.026,12.6953,13.539,,
1857,9.0297,12.6984,13.54455,,
1858,9.0358,12.707,13.5537,,
1859,9.0401,12.7119,13.56015,,
1860,9.0437,12.7179,13.56555,,
1861,9.051,12.7256,13.5765,,
1862,9.0541,12.7306,13.58115,,
1863,9.0584,12.7393,13.5876,,
1864,9.0632,12.743,13.5948,,
1865,9.0681,12.7521,13.60215,,
1866,9.0724,12.7558,13.6086,,
1867,9.0767,12.7646,13.61505,,
1868,9.084,12.7712,13.626,,
1869,9.0883,12.774,13.63245,,
1870,9.0932,12.7866,13.6398,,
1871,9.0968,12.7896,13.6452,,
1872,9.1011,12.7964,13.65165,,
1873,9.1078,12.8047,13.6617,,
1874,9.1139,12.8101,13.67085,,
1875,9.117,12.8176,13.6755,,
1876,9.1206,12.8242,13.6809,,
1877,9.1267,12.8288,13.69005,,
1878,9.1304,12.8385,13.6956,,
1879,9.1353,12.8442,13.70295,,
1880,9.1408,12.8504,13.7112,,
1881,9.1444,12.8585,13.7166,,
1882,9.1493,12.8623,13.72395,,
1883,9.1554,12.8715,13.7331,,
1884,9.1609,12.8761,13.74135,,
1885,9.1652,12.8834,13.7478,,
1886,9.1707,12.8896,13.75605,,
1887,9.1713,12.8948,13.75695,,
1888,9.178,12.9026,13.767,,
1889,9.1823,12.9076,13.77345,,
1890,9.1878,12.9151,13.7817,,
1891,9.192,12.9194,13.788,,
1892,9.1969,12.926,13.79535,,
1893,9.2018,12.9311,13.8027,,
1894,9.2061,12.9379,13.80915,,
1895,9.2128,12.9433,13.8192,,
1896,9.2158,12.948,13.8237,,
1897,9.2219,12.9553,13.83285,,
1898,9.225,12.9593,13.8375,,
1899,9.2311,12.966,13.84665,,
1900,9.2348,12.9721,13.8522,,
1901,9.2403,12.9782,13.86045,,
1902,9.2439,12.9819,13.86585,,
1903,9.2488,12.9899,13.8732,,
1904,9.2561,12.9946,13.88415,,
1905,9.2586,13.0008,13.8879,,
1906,9.2622,13.0087,13.8933,,
1907,9.2683,13.0119,13.90245,,
1908,9.2726,13.0199,13.9089,,
1909,9.2775,13.025,13.91625,,
1910,9.2818,13.0314,13.9227,,
1911,9.2879,13.0378,13.93185,,
1912,9.2915,13.0439,13.93725,,
1913,9.2964,13.0509,13.9446,,
1914,9.3031,13.0557,13.95465,,
1915,9.3056,13.0629,13.9584,,
1916,9.3117,13.0717,13.96755,,
1917,9.3153,13.0753,13.97295,,
1918,9.319,13.0831,13.9785,,
1919,9.3251,13.0885,13.98765,,
1920,9.3281,13.0948,13.99215,,
1921,9.3342,13.1021,14.0013,,
1922,9.3391,13.1085,14.00865,,
1923,9.3428,13.1168,14.0142,,
1924,9.3489,13.1211,14.02335,,
1925,9.3519,13.1299,14.02785,,
1926,9.3581,13.1347,14.03715,,
1927,9.3629,13.1418,14.04435,,
1928,9.3666,13.1481,14.0499,,
1929,9.3703,13.155,14.05545,,
1930,9.3758,13.1635,14.0637,,
1931,9.38,13.1682,14.07,,
1932,9.3849,13.1751,14.07735,,
1933,9.3928,13.183,14.0892,,
1934,9.3953,13.1869,14.09295,,
1935,9.3996,13.196,14.0994,,
1936,9.4063,13.201,14.10945,,
1937,9.4081,13.2062,14.11215,,
1938,9.413,13.2152,14.1195,,
1939,9.4179,13.2184,14.12685,,
1940,9.4228,13.2269,14.1342,,
1941,9.4282,13.2305,14.1423,,
1942,9.4331,13.2373,14.14965,,
1943,9.4374,13.2433,14.1561,,
1944,9.4411,13.247,14.16165,,
1945,9.4478,13.2544,14.1717,,
1946,9.4502,13.2591,14.1753,,
1947,9.4551,13.2651,14.18265,,
1948,9.4588,13.2708,14.1882,,
1949,9.4649,13.2755,14.19735,,
1950,9.4697,13.282,14.20455,,
1951,9.4734,13.2864,14.2101,,
1952,9.4783,13.2926,14.21745,,
1953,9.4832,13.2973,14.2248,,
1954,9.4868,13.3045,14.2302,,
1955,9.4929,13.3107,14.23935,,
1956,9.4972,13.3149,14.2458,,
1957,9.5009,13.3229,14.25135,,
1958,9.5076,13.3265,14.2614,,
1959,9.5106,13.3341,14.2659,,
1960,9.518,13.3391,14.277,,
1961,9.5198,13.344,14.2797,,
1962,9.5259,13.3522,14.28885,,
1963,9.5283,13.3562,14.29245,,
1964,9.5338,13.3654,14.3007,,
1965,9.5393,13.37,14.30895,,
1966,9.5436,13.3762,14.3154,,
1967,9.5491,13.3849,14.32365,,
1968,9.5534,13.386,14.3301,,
1969,9.5589,13.3964,14.33835,,
1970,9.5613,13.4008,14.34195,,
1971,9.5656,13.4076,14.3484,,
1972,9.5711,13.4168,14.35665,,
1973,9.5753,13.4178,14.36295,,
1974,9.5827,13.4307,14.37405,,
1975,9.5863,13.4318,14.37945,,
1976,9.59,13.441,14.385,,
1977,9.5961,13.448,14.39415,,
1978,9.5991,13.4511,14.39865,,
1979,9.6022,13.4631,14.4033,,
1980,9.6089,13.4656,14.41335,,
1981,9.6126,13.4739,14.4189,,
1982,9.6168,13.4795,14.4252,,
1983,9.6217,13.4858,14.43255,,
1984,9.6272,13.495,14.4408,,
1985,9.6315,13.4971,14.44725,,
1986,9.6358,13.5067,14.4537,,
1987,9.64,13.5119,14.46,,
1988,9.6474,13.5164,14.4711,,
1989,9.6492,13.5259,14.4738,,
1990,9.6559,13.529,14.48385,,
1991,9.6596,13.5358,14.4894,,
1992,9.6645,13.5439,14.49675,,
1993,9.6693,13.5462,14.50395,,
1994,9.673,13.5551,14.5095,,
1995,9.6797,13.5573,14.51955,,
1996,9.6803,13.5647,14.52045,,
1997,9.6883,13.5726,14.53245,,
1998,9.6907,13.5736,14.53605,,
1999,-9.6974,13.5808,,,
2000,-9.6962,13.5699,,,
2001,-9.6938,13.5593,,,
2002,-9.6889,13.5465,,,
2003,-9.6846,13.5327,,,
2004,-9.6815,13.515,,,
2005,-9.6742,13.4993,,,
2006,-9.6669,13.4818,,,
2007,-9.6602,13.4635,,,
2008,-9.6529,13.4459,,,
2009,-9.648,13.4237,,,
2010,-9.6376,13.4035,,,
2011,-9.6297,13.3867,,,
2012,-9.6205,13.3626,,,
2013,-9.6126,13.3465,,,
2014,-9.6077,13.3227,,,
2015,-9.5967,13.3041,,,
2016,-9.5894,13.2857,,,
2017,-9.579,13.2639,,,
2018,-9.5698,13.2475,,,
2019,-9.5631,13.2219,,,
2020,-9.5485,13.204,,,
2021,-9.5418,13.1781,,,
2022,-9.5296,13.1549,,,
2023,-9.5204,13.1322,,,
2024,-9.51,13.1046,,,
2025,-9.4997,13.0847,,,
2026,-9.4893,13.056,,,
2027,-9.4759,13.0342,,,
2028,-9.4673,13.0083,,,
2029,-9.4545,12.9892,,,
2030,-9.4429,12.9624,,,
2031,-9.4331,12.9413,,,
2032,-9.4203,12.9188,,,
2033,-9.4075,12.89,,,
2034,-9.3928,12.8694,,,
2035,-9.3831,12.8391,,,
2036,-9.369,12.8112,,,
2037,-9.3574,12.7859,,,
2038,-9.344,12.7572,,,
2039,-9.3288,12.7284,,,
2040,-9.3165,12.7042,,,
2041,-9.3007,12.6761,,,
2042,-9.2866,12.6512,,,
2043,-9.2726,12.626,,,
2044,-9.2604,12.5978,,,
2045,-9.2439,12.5717,,,
2046,-9.2299,12.5423,,,
2047,-9.2116,12.5106,,,
2048,-9.1975,12.483,,,
2049,-9.1829,12.4498,,,
2050,-9.1658,12.4197,,,
2051,-9.1493,12.3902,,,
2052,-9.1322,12.3602,,,
2053,-9.1145,12.3343,,,
2054,-9.0993,12.3034,,,
2055,-9.0797,12.2773,,,
2056,-9.0645,12.2436,,,
2057,-9.0443,12.2131,,,
2058,-9.0297,12.1801,,,
2059,-9.0077,12.1471,,,
2060,-8.9894,12.1137,,,
2061,-8.9711,12.0787,,,
2062,-8.9516,12.0513,,,
2063,-8.9326,12.0181,,,
2064,-8.9131,11.9894,,,
2065,-8.893,11.9579,,,
2066,-8.8716,11.9224,,,
2067,-8.8527,11.8937,,,
2068,-8.8295,11.848,,,
2069,-8.8069,11.8215,,,
2070,-8.7886,11.7812,,,
2071,-8.7623,11.7472,,,
2072,-8.7446,11.7184,,,
2073,-8.7196,11.6781,,,
2074,-8.697,11.6533,,,
2075,-8.6744,11.6107,,,
2076,-8.6488,11.5776,,,
2077,-8.6244,11.5391,,,
2078,-8.6012,11.4997,,,
2079,-8.5768,11.4643,,,
2080,-8.5524,11.4242,,,
2081,-8.5267,11.393,,,
2082,-8.5017,11.3551,,,
2083,-8.4743,11.3205,,,
2084,-8.4492,11.2819,,,
2085,-8.4218,11.243,,,
2086,-8.3955,11.2038,,,
2087,-8.3687,11.1619,,,
2088,-8.3412,11.1246,,,
2089,-8.3156,11.0869,,,
2090,-8.2887,11.0514,,,
2091,-8.26,11.0145,,,
2092,-8.2313,10.9768,,,
2093,-8.2039,10.9347,,,
2094,-8.174,10.8949,,,
2095,-8.1459,10.854,,,
2096,-8.1166,10.8141,,,
2097,-8.0885,10.7784,,,
2098,-8.0604,10.7398,,,
2099,0,0,,,
2100,0,0,,,
2101,0,0,,,
2102,0,0,,,
2103,0,0,,,
2104,0,0,,,
2105,0,0,,,
2106,0,0,,,
2107,0,0,,,
2108,0,0,,,
2109,0,0,,,
2110,0,0,,,
2111,0,0,,,
2112,0,0,,,
2113,0,0,,,
2114,0,0,,,
2115,0,0,,,
2116,0,0,,,
2117,0,0,,,
2118,0,0,,,
2119,0,0,,,
2120,0,0,,,
2121,0,0,,,
2122,0,0,,,
2123,0,0,,,
2124,0,0,,,
2125,0,0,,,
2126,0,0,,,
2127,0,0,,,
2128,0,0,,,
2129,0,0,,,
2130,0,0,,,
2131,0,0,,,
2132,0,0,,,
2133,0,0,,,
2134,0,0,,,
2135,0,0,,,
2136,0,0,,,
2137,0,0,,,
2138,0,0,,,
2139,0,0,,,
2140,0,0,,,
2141,0,0,,,
2142,0,0,,,
2143,0,0,,,
2144,0,0,,,
2145,0,0,,,
2146,0,0,,,
2147,0,0,,,
2148,0,0,,,
2149,0,0,,,
2150,0,0,,,
2151,0,0,,,
2152,0,0,,,
2153,0,0,,,
2154,0,0,,,
2155,0,0,,,
2156,0,0,,,
2157,0,0,,,
2158,0,0,,,
2159,0,0,,,
2160,0,0,,,
2161,0,0,,,
2162,0,0,,,
2163,0,0,,,
2164,0,0,,,
2165,0,0,,,
2166,0,0,,,
2167,0,0,,,
2168,0,0,,,
2169,0,0,,,
2170,0,0,,,
2171,0,0,,,
2172,0,0,,,
2173,0,0,,,
2174,0,0,,,
2175,0,0,,,
2176,0,0,,,
2177,0,0,,,
2178,0,0,,,
2179,0,0,,,
2180,0,0,,,
2181,0,0,,,
2182,0,0,,,
2183,0,0,,,
2184,0,0,,,
2185,0,0,,,
2186,0,0,,,
2187,0,0,,,
2188,0,0,,,
2189,0,0,,,
2190,0,0,,,
2191,0,0,,,
2192,0,0,,,
2193,0,0,,,
2194,0,0,,,
2195,0,0,,,
2196,0,0,,,
2197,0,0,,,
2198,0,0,,,
2199,0,0,,,
2200,0,0,,,
2201,0,0,,,
2202,0,0,,,
2203,0,0,,,
2204,0,0,,,
2205,0,0,,,
2206,0,0,,,
2207,0,0,,,
2208,0,0,,,
2209,0,0,,,
2210,0,0,,,
2211,0,0,,,
2212,0,0,,,
2213,0,0,,,
2214,0,0,,,
2215,0,0,,,
2216,0,0,,,
2217,0,0,,,
2218,0,0,,,
2219,0,0,,,
2220,0,0,,,
2221,0,0,,,
2222,0,0,,,
2223,0,0,,,
2224,0,0,,,
2225,0,0,,,
2226,0,0,,,
2227,0,0,,,
2228,0,0,,,
2229,0,0,,,
2230,0,0,,,
2231,0,0,,,
2232,0,0,,,
2233,0,0,,,
2234,0,0,,,
2235,0,0,,,
2236,0,0,,,
2237,0,0,,,
2238,0,0,,,
2239,0,0,,,
2240,0,0,,,
2241,0,0,,,
2242,0,0,,,
2243,0,0,,,
2244,0,0,,,
2245,0,0,,,
2246,0,0,,,
2247,0,0,,,
2248,0,0,,,
2249,0,0,,,
2250,0,0,,,
2251,0,0,,,
2252,0,0,,,
2253,0,0,,,
2254,0,0,,,
2255,0,0,,,
2256,0,0,,,
2257,0,0,,,
2258,0,0,,,
2259,0,0,,,
2260,0,0,,,
2261,0,0,,,
2262,0,0,,,
2263,0,0,,,
2264,0,0,,,
2265,0,0,,,
2266,0,0,,,
2267,0,0,,,
2268,0,0,,,
2269,0,0,,,
2270,0,0,,,
2271,0,0,,,
2272,0,0,,,
2273,0,0,,,
2274,0,0,,,
2275,0,0,,,
2276,0,0,,,
2277,0,0,,,
2278,0,0,,,
2279,0,0,,,
2280,0,0,,,
2281,0,0,,,
2282,0,0,,,
2283,0,0,,,
2284,0,0,,,
2285,0,0,,,
2286,0,0,,,
2287,0,0,,,
2288,0,0,,,
2289,0,0,,,
2290,0,0,,,
2291,0,0,,,
2292,0,0,,,
2293,0,0,,,
2294,0,0,,,
2295,0,0,,,
2296,0,0,,,
2297,0,0,,,
2298,0,0,,,
2299,0,0,,,
2300,0,0,,,
2301,0,0,,,
2302,0,0,,,
2303,0,0,,,
2304,0,0,,,
2305,0,0,,,
2306,0,0,,,
2307,0,0,,,
2308,0,0,,,
2309,0,0,,,
2310,0,0,,,
2311,0,0,,,
2312,0,0,,,
2313,0,0,,,
2314,0,0,,,
2315,0,0,,,
2316,0,0,,,
2317,0,0,,,
2318,0,0,,,
2319,0,0,,,
2320,0,0,,,
2321,0,0,,,
2322,0,0,,,
2323,0,0,,,
2324,0,0,,,
2325,0,0,,,
2326,0,0,,,
2327,0,0,,,
2328,0,0,,,
2329,0,0,,,
2330,0,0,,,
2331,0,0,,,
2332,0,0,,,
2333,0,0,,,
2334,0,0,,,
2335,0,0,,,
2336,0,0,,,
2337,0,0,,,
2338,0,0,,,
2339,0,0,,,
2340,0,0,,,
2341,0,0,,,
2342,0,0,,,
2343,0,0,,,
2344,0,0,,,
2345,0,0,,,
2346,0,0,,,
2347,0,0,,,
2348,0,0,,,
2349,0,0,,,
2350,0,0,,,
2351,0,0,,,
2352,0,0,,,
2353,0,0,,,
2354,0,0,,,
2355,0,0,,,
2356,0,0,,,
2357,0,0,,,
2358,0,0,,,
2359,0,0,,,
2360,0,0,,,
2361,0,0,,,
2362,0,0,,,
2363,0,0,,,
2364,0,0,,,
2365,0,0,,,
2366,0,0,,,
2367,0,0,,,
2368,0,0,,,
2369,0,0,,,
2370,0,0,,,
2371,0,0,,,
2372,0,0,,,
2373,0,0,,,
2374,0,0,,,
2375,0,0,,,
2376,0,0,,,
2377,0,0,,,
2378,0,0,,,
2379,0,0,,,
2380,0,0,,,
2381,0,0,,,
2382,0,0,,,
2383,0,0,,,
2384,0,0,,,
2385,0,0,,,
2386,0,0,,,
2387,0,0,,,
2388,0,0,,,
2389,0,0,,,
2390,0,0,,,
2391,0,0,,,
2392,0,0,,,
2393,0,0,,,
2394,0,0,,,
2395,0,0,,,
2396,0,0,,,
2397,0,0,,,
2398,0,0,,,
2399,0,0,,,
2400,0,0,,,
2401,0,0,,,
2402,0,0,,,
2403,0,0,,,
2404,0,0,,,
2405,0,0,,,
2406,0,0,,,
2407,0,0,,,
2408,0,0,,,
2409,0,0,,,
2410,0,0,,,
2411,0,0,,,
2412,0,0,,,
2413,0,0,,,
2414,0,0,,,
2415,0,0,,,
2416,0,0,,,
2417,0,0,,,
2418,0,0,,,
2419,0,0,,,
2420,0,0,,,
2421,0,0,,,
2422,0,0,,,
2423,0,0,,,
2424,0,0,,,
2425,0,0,,,
2426,0,0,,,
2427,0,0,,,
2428,0,0,,,
2429,0,0,,,
2430,0,0,,,
2431,0,0,,,
2432,0,0,,,
2433,0,0,,,
2434,0,0,,,
2435,0,0,,,
2436,0,0,,,
2437,0,0,,,
2438,0,0,,,
2439,0,0,,,
2440,0,0,,,
2441,0,0,,,
2442,0,0,,,
2443,0,0,,,
2444,0,0,,,
2445,0,0,,,
2446,0,0,,,
2447,0,0,,,
2448,0,0,,,
2449,0,0,,,
2450,0,0,,,
2451,0,0,,,
2452,0,0,,,
2453,0,0,,,
2454,0,0,,,
2455,0,0,,,
2456,0,0,,,
2457,0,0,,,
2458,0,0,,,
2459,0,0,,,
2460,0,0,,,
2461,0,0,,,
2462,0,0,,,
2463,0,0,,,
2464,0,0,,,
2465,0,0,,,
2466,0,0,,,
2467,0,0,,,
2468,0,0,,,
2469,0,0,,,
2470,0,0,,,
2471,0,0,,,
2472,0,0,,,
2473,0,0,,,
2474,0,0,,,
2475,0,0,,,
2476,0,0,,,
2477,0,0,,,
2478,0,0,,,
2479,0,0,,,
2480,0,0,,,
2481,0,0,,,
2482,0,0,,,
2483,0,0,,,
2484,0,0,,,
2485,0,0,,,
2486,0,0,,,
2487,0,0,,,
2488,0,0,,,
2489,0,0,,,
2490,0,0,,,
2491,0,0,,,
2492,0,0,,,
2493,0,0,,,
2494,0,0,,,
2495,0,0,,,
2496,0,0,,,
2497,0,0,,,
2498,0,0,,,
2499,0,0,,,
2500,0,0,,,
2501,0,0,,,
2502,0,0,,,
2503,0,0,,,
2504,0,0,,,
2505,0,0,,,
2506,0,0,,,
2507,0,0,,,
2508,0,0,,,
2509,0,0,,,
2510,0,0,,,
2511,0,0,,,
2512,0,0,,,
2513,0,0,,,
2514,0,0,,,
2515,0,0,,,
2516,0,0,,,
2517,0,0,,,
2518,0,0,,,
2519,0,0,,,
2520,0,0,,,
2521,0,0,,,
2522,0,0,,,
2523,0,0,,,
2524,0,0,,,
2525,0,0,,,
2526,0,0,,,
2527,0,0,,,
2528,0,0,,,
2529,0,0,,,
2530,0,0,,,
2531,0,0,,,
2532,0,0,,,
2533,0,0,,,
2534,0,0,,,
2535,0,0,,,
2536,0,0,,,
2537,0,0,,,
2538,0,0,,,
2539,0,0,,,
2540,0,0,,,
2541,0,0,,,
2542,0,0,,,
2543,0,0,,,
2544,0,0,,,
2545,0,0,,,
2546,0,0,,,
2547,0,0,,,
2548,0,0,,,
2549,0,0,,,
2550,0,0,,,
2551,0,0,,,
2552,0,0,,,
2553,0,0,,,
2554,0,0,,,
2555,0,0,,,
2556,0,0,,,
2557,0,0,,,
2558,0,0,,,
2559,0,0,,,
2560,0,0,,,
2561,0,0,,,
2562,0,0,,,
2563,0,0,,,
2564,0,0,,,
2565,0,0,,,
2566,0,0,,,
2567,0,0,,,
2568,0,0,,,
2569,0,0,,,
2570,0,0,,,
2571,0,0,,,
2572,0,0,,,
2573,0,0,,,
2574,0,0,,,
2575,0,0,,,
2576,0,0,,,
2577,0,0,,,
2578,0,0,,,
2579,0,0,,,
2580,0,0,,,
2581,0,0,,,
2582,0,0,,,
2583,0,0,,,
2584,0,0,,,
2585,0,0,,,
2586,0,0,,,
2587,0,0,,,
2588,0,0,,,
2589,0,0,,,
2590,0,0,,,
2591,0,0,,,
2592,0,0,,,
2593,0,0,,,
2594,0,0,,,
2595,0,0,,,
2596,0,0,,,
2597,0,0,,,
2598,0,0,,,
2599,0,0,,,
2600,0,0,,,
2601,0,0,,,
2602,0,0,,,
2603,0,0,,,
2604,0,0,,,
2605,0,0,,,
2606,0,0,,,
2607,0,0,,,
2608,0,0,,,
2609,0,0,,,
2610,0,0,,,
2611,0,0,,,
2612,0,0,,,
2613,0,0,,,
2614,0,0,,,
2615,0,0,,,
2616,0,0,,,
2617,0,0,,,
2618,0,0,,,
2619,0,0,,,
2620,0,0,,,
2621,0,0,,,
2622,0,0,,,
2623,0,0,,,
2624,0,0,,,
2625,0,0,,,
2626,0,0,,,
2627,0,0,,,
2628,0,0,,,
2629,0,0,,,
2630,0,0,,,
2631,0,0,,,
2632,0,0,,,
2633,0,0,,,
2634,0,0,,,
2635,0,0,,,
2636,0,0,,,
2637,0,0,,,
2638,0,0,,,
2639,0,0,,,
2640,0,0,,,
2641,0,0,,,
2642,0,0,,,
2643,0,0,,,
2644,0,0,,,
2645,0,0,,,
2646,0,0,,,
2647,0,0,,,
2648,0,0,,,
2649,0,0,,,
2650,0,0,,,
2651,0,0,,,
2652,0,0,,,
2653,0,0,,,
2654,0,0,,,
2655,0,0,,,
2656,0,0,,,
2657,0,0,,,
2658,0,0,,,
2659,0,0,,,
2660,0,0,,,
2661,0,0,,,
2662,0,0,,,
2663,0,0,,,
2664,0,0,,,
2665,0,0,,,
2666,0,0,,,
2667,0,0,,,
2668,0,0,,,
2669,0,0,,,
2670,0,0,,,
2671,0,0,,,
2672,0,0,,,
2673,0,0,,,
2674,0,0,,,
2675,0,0,,,
2676,0,0,,,
2677,0,0,,,
2678,0,0,,,
2679,0,0,,,
2680,0,0,,,
2681,0,0,,,
2682,0,0,,,
2683,0,0,,,
2684,0,0,,,
2685,0,0,,,
2686,0,0,,,
2687,0,0,,,
2688,0,0,,,
2689,0,0,,,
2690,0,0,,,
2691,0,0,,,
2692,0,0,,,
2693,0,0,,,
2694,0,0,,,
2695,0,0,,,
2696,0,0,,,
2697,0,0,,,
2698,0,0,,,
2699,0,0,,,
2700,0,0,,,
2701,0,0,,,
2702,0,0,,,
2703,0,0,,,
2704,0,0,,,
2705,0,0,,,
2706,0,0,,,
2707,0,0,,,
2708,0,0,,,
2709,0,0,,,
2710,0,0,,,
2711,0,0,,,
2712,0,0,,,
2713,0,0,,,
2714,0,0,,,
2715,0,0,,,
2716,0,0,,,
2717,0,0,,,
2718,0,0,,,
2719,0,0,,,
2720,0,0,,,
2721,0,0,,,
2722,0,0,,,
2723,0,0,,,
2724,0,0,,,
2725,0,0,,,
2726,0,0,,,
2727,0,0,,,
2728,0,0,,,
2729,0,0,,,
2730,0,0,,,
2731,0,0,,,
2732,0,0,,,
2733,0,0,,,
2734,0,0,,,
2735,0,0,,,
2736,0,0,,,
2737,0,0,,,
2738,0,0,,,
2739,0,0,,,
2740,0,0,,,
2741,0,0,,,
2742,0,0,,,
2743,0,0,,,
2744,0,0,,,
2745,0,0,,,
2746,0,0,,,
2747,0,0,,,
2748,0,0,,,
2749,0,0,,,
2750,0,0,,,
2751,0,0,,,
2752,0,0,,,
2753,0,0,,,
2754,0,0,,,
2755,0,0,,,
2756,0,0,,,
2757,0,0,,,
2758,0,0,,,
2759,0,0,,,
2760,0,0,,,
2761,0,0,,,
2762,0,0,,,
2763,0,0,,,
2764,0,0,,,
2765,0,0,,,
2766,0,0,,,
2767,0,0,,,
2768,0,0,,,
2769,0,0,,,
2770,0,0,,,
2771,0,0,,,
2772,0,0,,,
2773,0,0,,,
2774,0,0,,,
2775,0,0,,,
2776,0,0,,,
2777,0,0,,,
2778,0,0,,,
2779,0,0,,,
2780,0,0,,,
2781,0,0,,,
2782,0,0,,,
2783,0,0,,,
2784,0,0,,,
2785,0,0,,,
2786,0,0,,,
2787,0,0,,,
2788,0,0,,,
2789,0,0,,,
2790,0,0,,,
2791,0,0,,,
2792,0,0,,,
2793,0,0,,,
2794,0,0,,,
2795,0,0,,,
2796,0,0,,,
2797,0,0,,,
2798,0,0,,,
2799,0,0,,,
2800,0,0,,,
2801,0,0,,,
2802,0,0,,,
2803,0,0,,,
2804,0,0,,,
2805,0,0,,,
2806,0,0,,,
2807,0,0,,,
2808,0,0,,,
2809,0,0,,,
2810,0,0,,,
2811,0,0,,,
2812,0,0,,,
2813,0,0,,,
2814,0,0,,,
2815,0,0,,,
2816,0,0,,,
2817,0,0,,,
2818,0,0,,,
2819,0,0,,,
2820,0,0,,,
2821,0,0,,,
2822,0,0,,,
2823,0,0,,,
2824,0,0,,,
2825,0,0,,,
2826,0,0,,,
2827,0,0,,,
2828,0,0,,,
2829,0,0,,,
2830,0,0,,,
2831,0,0,,,
2832,0,0,,,
2833,0,0,,,
2834,0,0,,,
2835,0,0,,,
2836,0,0,,,
2837,0,0,,,
2838,0,0,,,
2839,0,0,,,
2840,0,0,,,
2841,0,0,,,
2842,0,0,,,
2843,0,0,,,
2844,0,0,,,
2845,0,0,,,
2846,0,0,,,
2847,0,0,,,
2848,0,0,,,
2849,0,0,,,
2850,0,0,,,
2851,0,0,,,
2852,0,0,,,
2853,0,0,,,
2854,0,0,,,
2855,0,0,,,
2856,0,0,,,
2857,0,0,,,
2858,0,0,,,
2859,0,0,,,
2860,0,0,,,
2861,0,0,,,
2862,0,0,,,
2863,0,0,,,
2864,0,0,,,
2865,0,0,,,
2866,0,0,,,
2867,0,0,,,
2868,0,0,,,
2869,0,0,,,
2870,0,0,,,
2871,0,0,,,
2872,0,0,,,
2873,0,0,,,
2874,0,0,,,
2875,0,0,,,
2876,0,0,,,
2877,0,0,,,
2878,0,0,,,
2879,0,0,,,
2880,0,0,,,
2881,0,0,,,
2882,0,0,,,
2883,0,0,,,
2884,0,0,,,
2885,0,0,,,
2886,0,0,,,
2887,0,0,,,
2888,0,0,,,
2889,0,0,,,
2890,0,0,,,
2891,0,0,,,
2892,0,0,,,
2893,0,0,,,
2894,0,0,,,
2895,0,0,,,
2896,0,0,,,
2897,0,0,,,
2898,0,0,,,
2899,0,0,,,
2900,0,0,,,
2901,0,0,,,
2902,0,0,,,
2903,0,0,,,
2904,0,0,,,
2905,0,0,,,
2906,0,0,,,
2907,0,0,,,
2908,0,0,,,
2909,0,0,,,
2910,0,0,,,
2911,0,0,,,
2912,0,0,,,
2913,0,0,,,
2914,0,0,,,
2915,0,0,,,
2916,0,0,,,
2917,0,0,,,
2918,0,0,,,
2919,0,0,,,
2920,0,0,,,
2921,0,0,,,
2922,0,0,,,
2923,0,0,,,
2924,0,0,,,
2925,0,0,,,
2926,0,0,,,
2927,0,0,,,
2928,0,0,,,
2929,0,0,,,
2930,0,0,,,
2931,0,0,,,
2932,0,0,,,
2933,0,0,,,
2934,0,0,,,
2935,0,0,,,
2936,0,0,,,
2937,0,0,,,
2938,0,0,,,
2939,0,0,,,
2940,0,0,,,
2941,0,0,,,
2942,0,0,,,
2943,0,0,,,
2944,0,0,,,
2945,0,0,,,
2946,0,0,,,
2947,0,0,,,
2948,0,0,,,
2949,0,0,,,
2950,0,0,,,
2951,0,0,,,
2952,0,0,,,
2953,0,0,,,
2954,0,0,,,
2955,0,0,,,
2956,0,0,,,
2957,0,0,,,
2958,0,0,,,
2959,0,0,,,
2960,0,0,,,
2961,0,0,,,
2962,0,0,,,
2963,0,0,,,
2964,0,0,,,
2965,0,0,,,
2966,0,0,,,
2967,0,0,,,
2968,0,0,,,
2969,0,0,,,
2970,0,0,,,
2971,0,0,,,
2972,0,0,,,
2973,0,0,,,
2974,0,0,,,
2975,0,0,,,
2976,0,0,,,
2977,0,0,,,
2978,0,0,,,
2979,0,0,,,
2980,0,0,,,
2981,0,0,,,
2982,0,0,,,
2983,0,0,,,
2984,0,0,,,
2985,0,0,,,
2986,0,0,,,
2987,0,0,,,
2988,0,0,,,
2989,0,0,,,
2990,0,0,,,
2991,0,0,,,
2992,0,0,,,
2993,0,0,,,
2994,0,0,,,
2995,0,0,,,
2996,0,0,,,
2997,0,0,,,
2998,0,0,,,
2999,0,0,,,
3000,0,0,,,
3001,0,0,,,
3002,0,0,,,
3003,0,0,,,
3004,0,0,,,
3005,0,0,,,
3006,0,0,,,
3007,0,0,,,
3008,0,0,,,
3009,0,0,,,
3010,0,0,,,
3011,0,0,,,
3012,0,0,,,
3013,0,0,,,
3014,0,0,,,
3015,0,0,,,
3016,0,0,,,
3017,0,0,,,
3018,0,0,,,
3019,0,0,,,
3020,0,0,,,
3021,0,0,,,
3022,0,0,,,
3023,0,0,,,
3024,0,0,,,
3025,0,0,,,
3026,0,0,,,
3027,0,0,,,
3028,0,0,,,
3029,0,0,,,
3030,0,0,,,
3031,0,0,,,
3032,0,0,,,
3033,0,0,,,
3034,0,0,,,
3035,0,0,,,
3036,0,0,,,
3037,0,0,,,
3038,0,0,,,
3039,0,0,,,
3040,0,0,,,
3041,0,0,,,
3042,0,0,,,
3043,0,0,,,
3044,0,0,,,
3045,0,0,,,
3046,0,0,,,
3047,0,0,,,
3048,0,0,,,
3049,0,0,,,
3050,0,0,,,
3051,0,0,,,
3052,0,0,,,
3053,0,0,,,
3054,0,0,,,
3055,0,0,,,
3056,0,0,,,
3057,0,0,,,
3058,0,0,,,
3059,0,0,,,
3060,0,0,,,
3061,0,0,,,
3062,0,0,,,
3063,0,0,,,
3064,0,0,,,
3065,0,0,,,
3066,0,0,,,
3067,0,0,,,
3068,0,0,,,
3069,0,0,,,
3070,0,0,,,
3071,0,0,,,
3072,0,0,,,
3073,0,0,,,
3074,0,0,,,
3075,0,0,,,
3076,0,0,,,
3077,0,0,,,
3078,0,0,,,
3079,0,0,,,
3080,0,0,,,
3081,0,0,,,
3082,0,0,,,
3083,0,0,,,
3084,0,0,,,
3085,0,0,,,
3086,0,0,,,
3087,0,0,,,
3088,0,0,,,
3089,0,0,,,
3090,0,0,,,
3091,0,0,,,
3092,0,0,,,
3093,0,0,,,
3094,0,0,,,
3095,0,0,,,
3096,0,0,,,
3097,0,0,,,
3098,0,0,,,
3099,0,0,,,
3100,0,0,,,
3101,0,0,,,
3102,0,0,,,
3103,0,0,,,
3104,0,0,,,
3105,0,0,,,
3106,0,0,,,
3107,0,0,,,
3108,0,0,,,
3109,0,0,,,
3110,0,0,,,
3111,0,0,,,
3112,0,0,,,
3113,0,0,,,
3114,0,0,,,
3115,0,0,,,
3116,0,0,,,
3117,0,0,,,
3118,0,0,,,
3119,0,0,,,
3120,0,0,,,
3121,0,0,,,
3122,0,0,,,
3123,0,0,,,
3124,0,0,,,
3125,0,0,,,
3126,0,0,,,
3127,0,0,,,
3128,0,0,,,
3129,0,0,,,
3130,0,0,,,
3131,0,0,,,
3132,0,0,,,
3133,0,0,,,
3134,0,0,,,
3135,0,0,,,
3136,0,0,,,
3137,0,0,,,
3138,0,0,,,
3139,0,0,,,
3140,0,0,,,
3141,0,0,,,
3142,0,0,,,
3143,0,0,,,
3144,0,0,,,
3145,0,0,,,
3146,0,0,,,
3147,0,0,,,
3148,0,0,,,
3149,0,0,,,
3150,0,0,,,
3151,0,0,,,
3152,0,0,,,
3153,0,0,,,
3154,0,0,,,
3155,0,0,,,
3156,0,0,,,
3157,0,0,,,
3158,0,0,,,
3159,0,0,,,
3160,0,0,,,
3161,0,0,,,
3162,0,0,,,
3163,0,0,,,
3164,0,0,,,
3165,0,0,,,
3166,0,0,,,
3167,0,0,,,
3168,0,0,,,
3169,0,0,,,
3170,0,0,,,
3171,0,0,,,
3172,0,0,,,
3173,0,0,,,
3174,0,0,,,
3175,0,0,,,
3176,0,0,,,
3177,0,0,,,
3178,0,0,,,
3179,0,0,,,
3180,0,0,,,
3181,0,0,,,
3182,0,0,,,
3183,0,0,,,
3184,0,0,,,
3185,0,0,,,
3186,0,0,,,
3187,0,0,,,
3188,0,0,,,
3189,0,0,,,
3190,0,0,,,
3191,0,0,,,
3192,0,0,,,
3193,0,0,,,
3194,0,0,,,
3195,0,0,,,
3196,0,0,,,
3197,0,0,,,
3198,0,0,,,
3199,0,0,,,
3200,0,0,,,
3201,0,0,,,
3202,0,0,,,
3203,0,0,,,
3204,0,0,,,
3205,0,0,,,
3206,0,0,,,
3207,0,0,,,
3208,0,0,,,
3209,0,0,,,
3210,0,0,,,
3211,0,0,,,
3212,0,0,,,
3213,0,0,,,
3214,0,0,,,
3215,0,0,,,
3216,0,0,,,
3217,0,0,,,
3218,0,0,,,
3219,0,0,,,
3220,0,0,,,
3221,0,0,,,
3222,0,0,,,
3223,0,0,,,
3224,0,0,,,
3225,0,0,,,
3226,0,0,,,
3227,0,0,,,
3228,0,0,,,
3229,0,0,,,
3230,0,0,,,
3231,0,0,,,
3232,0,0,,,
3233,0,0,,,
3234,0,0,,,
3235,0,0,,,
3236,0,0,,,
3237,0,0,,,
3238,0,0,,,
3239,0,0,,,
3240,0,0,,,
3241,0,0,,,
3242,0,0,,,
3243,0,0,,,
3244,0,0,,,
3245,0,0,,,
3246,0,0,,,
3247,0,0,,,
3248,0,0,,,
3249,0,0,,,
3250,0,0,,,
3251,0,0,,,
3252,0,0,,,
3253,0,0,,,
3254,0,0,,,
3255,0,0,,,
3256,0,0,,,
3257,0,0,,,
3258,0,0,,,
3259,0,0,,,
3260,0,0,,,
3261,0,0,,,
3262,0,0,,,
3263,0,0,,,
3264,0,0,,,
3265,0,0,,,
3266,0,0,,,
3267,0,0,,,
3268,0,0,,,
3269,0,0,,,
3270,0,0,,,
3271,0,0,,,
3272,0,0,,,
3273,0,0,,,
3274,0,0,,,
3275,0,0,,,
3276,0,0,,,
3277,0,0,,,
3278,0,0,,,
3279,0,0,,,
3280,0,0,,,
3281,0,0,,,
3282,0,0,,,
3283,0,0,,,
3284,0,0,,,
3285,0,0,,,
3286,0,0,,,
3287,0,0,,,
3288,0,0,,,
3289,0,0,,,
3290,0,0,,,
3291,0,0,,,
3292,0,0,,,
3293,0,0,,,
3294,0,0,,,
3295,0,0,,,
3296,0,0,,,
3297,0,0,,,
3298,0,0,,,
3299,0,0,,,
3300,0,0,,,
3301,0,0,,,
3302,0,0,,,
3303,0,0,,,
3304,0,0,,,
3305,0,0,,,
3306,0,0,,,
3307,0,0,,,
3308,0,0,,,
3309,0,0,,,
3310,0,0,,,
3311,0,0,,,
3312,0,0,,,
3313,0,0,,,
3314,0,0,,,
3315,0,0,,,
3316,0,0,,,
3317,0,0,,,
3318,0,0,,,
3319,0,0,,,
3320,0,0,,,
3321,0,0,,,
3322,0,0,,,
3323,0,0,,,
3324,0,0,,,
3325,0,0,,,
3326,0,0,,,
3327,0,0,,,
3328,0,0,,,
3329,0,0,,,
3330,0,0,,,
3331,0,0,,,
3332,0,0,,,
3333,0,0,,,
3334,0,0,,,
3335,0,0,,,
3336,0,0,,,
3337,0,0,,,
3338,0,0,,,
3339,0,0,,,
3340,0,0,,,
3341,0,0,,,
3342,0,0,,,
3343,0,0,,,
3344,0,0,,,
3345,0,0,,,
3346,0,0,,,
3347,0,0,,,
3348,0,0,,,
3349,0,0,,,
3350,0,0,,,
3351,0,0,,,
3352,0,0,,,
3353,0,0,,,
3354,0,0,,,
3355,0,0,,,
3356,0,0,,,
3357,0,0,,,
3358,0,0,,,
3359,0,0,,,
3360,0,0,,,
3361,0,0,,,
3362,0,0,,,
3363,0,0,,,
3364,0,0,,,
3365,0,0,,,
3366,0,0,,,
3367,0,0,,,
3368,0,0,,,
3369,0,0,,,
3370,0,0,,,
3371,0,0,,,
3372,0,0,,,
3373,0,0,,,
3374,0,0,,,
3375,0,0,,,
3376,0,0,,,
3377,0,0,,,
3378,0,0,,,
3379,0,0,,,
3380,0,0,,,
3381,0,0,,,
3382,0,0,,,
3383,0,0,,,
3384,0,0,,,
3385,0,0,,,
3386,0,0,,,
3387,0,0,,,
3388,0,0,,,
3389,0,0,,,
3390,0,0,,,
3391,0,0,,,
3392,0,0,,,
3393,0,0,,,
3394,0,0,,,
3395,0,0,,,
3396,0,0,,,
3397,0,0,,,
3398,0,0,,,
3399,0,0,,,
3400,0,0,,,
3401,0,0,,,
3402,0,0,,,
3403,0,0,,,
3404,0,0,,,
3405,0,0,,,
3406,0,0,,,
3407,0,0,,,
3408,0,0,,,
3409,0,0,,,
3410,0,0,,,
3411,0,0,,,
3412,0,0,,,
3413,0,0,,,
3414,0,0,,,
3415,0,0,,,
3416,0,0,,,
3417,0,0,,,
3418,0,0,,,
3419,0,0,,,
3420,0,0,,,
3421,0,0,,,
3422,0,0,,,
3423,0,0,,,
3424,0,0,,,
3425,0,0,,,
3426,0,0,,,
3427,0,0,,,
3428,0,0,,,
3429,0,0,,,
3430,0,0,,,
3431,0,0,,,
3432,0,0,,,
3433,0,0,,,
3434,0,0,,,
3435,0,0,,,
3436,0,0,,,
3437,0,0,,,
3438,0,0,,,
3439,0,0,,,
3440,0,0,,,
3441,0,0,,,
3442,0,0,,,
3443,0,0,,,
3444,0,0,,,
3445,0,0,,,
3446,0,0,,,
3447,0,0,,,
3448,0,0,,,
3449,0,0,,,
3450,0,0,,,
3451,0,0,,,
3452,0,0,,,
3453,0,0,,,
3454,0,0,,,
3455,0,0,,,
3456,0,0,,,
3457,0,0,,,
3458,0,0,,,
3459,0,0,,,
3460,0,0,,,
3461,0,0,,,
3462,0,0,,,
3463,0,0,,,
3464,0,0,,,
3465,0,0,,,
3466,0,0,,,
3467,0,0,,,
3468,0,0,,,
3469,0,0,,,
3470,0,0,,,
3471,0,0,,,
3472,0,0,,,
3473,0,0,,,
3474,0,0,,,
3475,0,0,,,
3476,0,0,,,
3477,0,0,,,
3478,0,0,,,
3479,0,0,,,
3480,0,0,,,
3481,0,0,,,
3482,0,0,,,
3483,0,0,,,
3484,0,0,,,
3485,0,0,,,
3486,0,0,,,
3487,0,0,,,
3488,0,0,,,
3489,0,0,,,
3490,0,0,,,
3491,0,0,,,
3492,0,0,,,
3493,0,0,,,
3494,0,0,,,
3495,0,0,,,
3496,0,0,,,
3497,0,0,,,
3498,0,0,,,
3499,0,0,,,
3500,0,0,,,
3501,0,0,,,
3502,0,0,,,
3503,0,0,,,
3504,0,0,,,
3505,0,0,,,
3506,0,0,,,
3507,0,0,,,
3508,0,0,,,
3509,0,0,,,
3510,0,0,,,
3511,0,0,,,
3512,0,0,,,
3513,0,0,,,
3514,0,0,,,
3515,0,0,,,
3516,0,0,,,
3517,0,0,,,
3518,0,0,,,
3519,0,0,,,
3520,0,0,,,
3521,0,0,,,
3522,0,0,,,
3523,0,0,,,
3524,0,0,,,
3525,0,0,,,
3526,0,0,,,
3527,0,0,,,
3528,0,0,,,
3529,0,0,,,
3530,0,0,,,
3531,0,0,,,
3532,0,0,,,
3533,0,0,,,
3534,0,0,,,
3535,0,0,,,
3536,0,0,,,
3537,0,0,,,
3538,0,0,,,
3539,0,0,,,
3540,0,0,,,
3541,0,0,,,
3542,0,0,,,
3543,0,0,,,
3544,0,0,,,
3545,0,0,,,
3546,0,0,,,
3547,0,0,,,
3548,0,0,,,
3549,0,0,,,
3550,0,0,,,
3551,0,0,,,
3552,0,0,,,
3553,0,0,,,
3554,0,0,,,
3555,0,0,,,
3556,0,0,,,
3557,0,0,,,
3558,0,0,,,
3559,0,0,,,
3560,0,0,,,
3561,0,0,,,
3562,0,0,,,
3563,0,0,,,
3564,0,0,,,
3565,0,0,,,
3566,0,0,,,
3567,0,0,,,
3568,0,0,,,
3569,0,0,,,
3570,0,0,,,
3571,0,0,,,
3572,0,0,,,
3573,0,0,,,
3574,0,0,,,
3575,0,0,,,
3576,0,0,,,
3577,0,0,,,
3578,0,0,,,
3579,0,0,,,
3580,0,0,,,
3581,0,0,,,
3582,0,0,,,
3583,0,0,,,
3584,0,0,,,
3585,0,0,,,
3586,0,0,,,
3587,0,0,,,
3588,0,0,,,
3589,0,0,,,
3590,0,0,,,
3591,0,0,,,
3592,0,0,,,
3593,0,0,,,
3594,0,0,,,
3595,0,0,,,
3596,0,0,,,
3597,0,0,,,
3598,0,0,,,
3599,0,0,,,
3600,0,0,,,
3601,0,0,,,
3602,0,0,,,
3603,0,0,,,
3604,0,0,,,
3605,0,0,,,
3606,0,0,,,
3607,0,0,,,
3608,0,0,,,
3609,0,0,,,
3610,0,0,,,
3611,0,0,,,
3612,0,0,,,
3613,0,0,,,
3614,0,0,,,
3615,0,0,,,
3616,0,0,,,
3617,0,0,,,
3618,0,0,,,
3619,0,0,,,
3620,0,0,,,
3621,0,0,,,
3622,0,0,,,
3623,0,0,,,
3624,0,0,,,
3625,0,0,,,
3626,0,0,,,
3627,0,0,,,
3628,0,0,,,
3629,0,0,,,
3630,0,0,,,
3631,0,0,,,
3632,0,0,,,
3633,0,0,,,
3634,0,0,,,
3635,0,0,,,
3636,0,0,,,
3637,0,0,,,
3638,0,0,,,
3639,0,0,,,
3640,0,0,,,
3641,0,0,,,
3642,0,0,,,
3643,0,0,,,
3644,0,0,,,
3645,0,0,,,
3646,0,0,,,
3647,0,0,,,
3648,0,0,,,
3649,0,0,,,
3650,0,0,,,
3651,0,0,,,
3652,0,0,,,
3653,0,0,,,
3654,0,0,,,
3655,0,0,,,
3656,0,0,,,
3657,0,0,,,
3658,0,0,,,
3659,0,0,,,
3660,0,0,,,
3661,0,0,,,
3662,0,0,,,
3663,0,0,,,
3664,0,0,,,
3665,0,0,,,
3666,0,0,,,
3667,0,0,,,
3668,0,0,,,
3669,0,0,,,
3670,0,0,,,
3671,0,0,,,
3672,0,0,,,
3673,0,0,,,
3674,0,0,,,
3675,0,0,,,
3676,0,0,,,
3677,0,0,,,
3678,0,0,,,
3679,0,0,,,
3680,0,0,,,
3681,0,0,,,
3682,0,0,,,
3683,0,0,,,
3684,0,0,,,
3685,0,0,,,
3686,0,0,,,
3687,0,0,,,
3688,0,0,,,
3689,0,0,,,
3690,0,0,,,
3691,0,0,,,
3692,0,0,,,
3693,0,0,,,
3694,0,0,,,
3695,0,0,,,
3696,0,0,,,
3697,0,0,,,
3698,0,0,,,
3699,0,0,,,
3700,0,0,,,
3701,0,0,,,
3702,0,0,,,
3703,0,0,,,
3704,0,0,,,
3705,0,0,,,
3706,0,0,,,
3707,0,0,,,
3708,0,0,,,
3709,0,0,,,
3710,0,0,,,
3711,0,0,,,
3712,0,0,,,
3713,0,0,,,
3714,0,0,,,
3715,0,0,,,
3716,0,0,,,
3717,0,0,,,
3718,0,0,,,
3719,0,0,,,
3720,0,0,,,
3721,0,0,,,
3722,0,0,,,
3723,0,0,,,
3724,0,0,,,
3725,0,0,,,
3726,0,0,,,
3727,0,0,,,
3728,0,0,,,
3729,0,0,,,
3730,0,0,,,
3731,0,0,,,
3732,0,0,,,
3733,0,0,,,
3734,0,0,,,
3735,0,0,,,
3736,0,0,,,
3737,0,0,,,
3738,0,0,,,
3739,0,0,,,
3740,0,0,,,
3741,0,0,,,
3742,0,0,,,
3743,0,0,,,
3744,0,0,,,
3745,0,0,,,
3746,0,0,,,
3747,0,0,,,
3748,0,0,,,
3749,0,0,,,
3750,0,0,,,
3751,0,0,,,
3752,0,0,,,
3753,0,0,,,
3754,0,0,,,
3755,0,0,,,
3756,0,0,,,
3757,0,0,,,
3758,0,0,,,
3759,0,0,,,
3760,0,0,,,
3761,0,0,,,
3762,0,0,,,
3763,0,0,,,
3764,0,0,,,
3765,0,0,,,
3766,0,0,,,
3767,0,0,,,
3768,0,0,,,
3769,0,0,,,
3770,0,0,,,
3771,0,0,,,
3772,0,0,,,
3773,0,0,,,
3774,0,0,,,
3775,0,0,,,
3776,0,0,,,
3777,0,0,,,
3778,0,0,,,
3779,0,0,,,
3780,0,0,,,
3781,0,0,,,
3782,0,0,,,
3783,0,0,,,
3784,0,0,,,
3785,0,0,,,
3786,0,0,,,
3787,0,0,,,
3788,0,0,,,
3789,0,0,,,
3790,0,0,,,
3791,0,0,,,
3792,0,0,,,
3793,0,0,,,
3794,0,0,,,
3795,0,0,,,
3796,0,0,,,
3797,0,0,,,
3798,0,0,,,
3799,0,0,,,
3800,0,0,,,
3801,0,0,,,
3802,0,0,,,
3803,0,0,,,
3804,0,0,,,
3805,0,0,,,
3806,0,0,,,
3807,0,0,,,
3808,0,0,,,
3809,0,0,,,
3810,0,0,,,
3811,0,0,,,
3812,0,0,,,
3813,0,0,,,
3814,0,0,,,
3815,0,0,,,
3816,0,0,,,
3817,0,0,,,
3818,0,0,,,
3819,0,0,,,
3820,0,0,,,
3821,0,0,,,
3822,0,0,,,
3823,0,0,,,
3824,0,0,,,
3825,0,0,,,
3826,0,0,,,
3827,0,0,,,
3828,0,0,,,
3829,0,0,,,
3830,0,0,,,
3831,0,0,,,
3832,0,0,,,
3833,0,0,,,
3834,0,0,,,
3835,0,0,,,
3836,0,0,,,
3837,0,0,,,
3838,0,0,,,
3839,0,0,,,
3840,0,0,,,
3841,0,0,,,
3842,0,0,,,
3843,0,0,,,
3844,0,0,,,
3845,0,0,,,
3846,0,0,,,
3847,0,0,,,
3848,0,0,,,
3849,0,0,,,
3850,0,0,,,
3851,0,0,,,
3852,0,0,,,
3853,0,0,,,
3854,0,0,,,
3855,0,0,,,
3856,0,0,,,
3857,0,0,,,
3858,0,0,,,
3859,0,0,,,
3860,0,0,,,
3861,0,0,,,
3862,0,0,,,
3863,0,0,,,
3864,0,0,,,
3865,0,0,,,
3866,0,0,,,
3867,0,0,,,
3868,0,0,,,
3869,0,0,,,
3870,0,0,,,
3871,0,0,,,
3872,0,0,,,
3873,0,0,,,
3874,0,0,,,
3875,0,0,,,
3876,0,0,,,
3877,0,0,,,
3878,0,0,,,
3879,0,0,,,
3880,0,0,,,
3881,0,0,,,
3882,0,0,,,
3883,0,0,,,
3884,0,0,,,
3885,0,0,,,
3886,0,0,,,
3887,0,0,,,
3888,0,0,,,
3889,0,0,,,
3890,0,0,,,
3891,0,0,,,
3892,0,0,,,
3893,0,0,,,
3894,0,0,,,
3895,0,0,,,
3896,0,0,,,
3897,0,0,,,
3898,0,0,,,
3899,0,0,,,
3900,0,0,,,
3901,0,0,,,
3902,0,0,,,
3903,0,0,,,
3904,0,0,,,
3905,0,0,,,
3906,0,0,,,
3907,0,0,,,
3908,0,0,,,
3909,0,0,,,
3910,0,0,,,
3911,0,0,,,
3912,0,0,,,
3913,0,0,,,
3914,0,0,,,
3915,0,0,,,
3916,0,0,,,
3917,0,0,,,
3918,0,0,,,
3919,0,0,,,
3920,0,0,,,
3921,0,0,,,
3922,0,0,,,
3923,0,0,,,
3924,0,0,,,
3925,0,0,,,
3926,0,0,,,
3927,0,0,,,
3928,0,0,,,
3929,0,0,,,
3930,0,0,,,
3931,0,0,,,
3932,0,0,,,
3933,0,0,,,
3934,0,0,,,
3935,0,0,,,
3936,0,0,,,
3937,0,0,,,
3938,0,0,,,
3939,0,0,,,
3940,0,0,,,
3941,0,0,,,
3942,0,0,,,
3943,0,0,,,
3944,0,0,,,
3945,0,0,,,
3946,0,0,,,
3947,0,0,,,
3948,0,0,,,
3949,0,0,,,
3950,0,0,,,
3951,0,0,,,
3952,0,0,,,
3953,0,0,,,
3954,0,0,,,
3955,0,0,,,
3956,0,0,,,
3957,0,0,,,
3958,0,0,,,
3959,0,0,,,
3960,0,0,,,
3961,0,0,,,
3962,0,0,,,
3963,0,0,,,
3964,0,0,,,
3965,0,0,,,
3966,0,0,,,
3967,0,0,,,
3968,0,0,,,
3969,0,0,,,
3970,0,0,,,
3971,0,0,,,
3972,0,0,,,
3973,0,0,,,
3974,0,0,,,
3975,0,0,,,
3976,0,0,,,
3977,0,0,,,
3978,0,0,,,
3979,0,0,,,
3980,0,0,,,
3981,0,0,,,
3982,0,0,,,
3983,0,0,,,
3984,0,0,,,
3985,0,0,,,
3986,0,0,,,
3987,0,0,,,
3988,0,0,,,
3989,0,0,,,
3990,0,0,,,
3991,0,0,,,
3992,0,0,,,
3993,0,0,,,
3994,0,0,,,
3995,0,0,,,
3996,0,0,,,
3997,0,0,,,
3998,0,0,,,
3999,0,0,,,
